Time_Now,Blanking_Util,Blanking_SKU1_Queue,Blanking_SKU2_Queue,Blanking_SKU3_Queue,Blanking_SKU4_Queue,Press1_Util,Press2_Util,Press3_Util,Press4_Util,Press1_Queue,Press2_Queue,Press3_Queue,Press4_Queue,Cell1_Util,Cell2_Util,Cell3_Util,Cell4_Util,Cell1_Queue,Cell2_Queue,Cell3_Queue,Cell4_Queue,Warehouse1_Queue,Warehouse_2_Queue,Warehouse_3_Queue,Warehouse_4_Queue,c_Cycle1,c_Cycle2,c_Cycle3,c_Cycle4,c_Cell1_SKU1,c_Cell1__SKU2,c_Cell1__SKU3,c_Cell1__SKU4,c_Cell2__SKU1,c_Cell2__SKU2,c_Cell2__SKU3,c_Cell2__SKU4,c_Cell3__SKU1,c_Cell3__SKU2,c_Cell3__SKU3,c_Cell3__SKU4,c_Cell4__SKU1,c_Cell4__SKU2,c_Cell4__SKU3,c_Cell4__SKU4,Paint1_Util,Paint2_Util,Quality_Util,Paint1_Queue,Paint2_Queue,Quality_Queue,Forklift_Util,Forklift_Blanking_Queue,Forklift_Press_Queue,Forklift_Assembly_Queue,c_TotalProducts,SKU1_VA_Time,SKU1_NVA_Time,SKU1_Transport_Time,SKU1_Wait_Time,SKU1_Other_Time,SKU2_VA_Time,SKU2_NVA_Time,SKU2_Transport_Time,SKU2_Wait_Time,SKU2_Other_Time,SKU3_VA_Time,SKU3_NVA_Time,SKU3_Transport_Time,SKU3_Wait_Time,SKU3_Other_Time,SKU4_VA_Time,SKU4_NVA_Time,SKU4_Transport_Time,SKU4_Wait_Time,SKU4_Other_Time,Blanking_Queue
24,0.846367,0.045715,0.056373,0.055737,0.035849,0.410297,0.434561,0.481388,0.399992,56.540291,65.273786,52.970766,47.964826,0.84887,0.673814,0.705012,0.819405,0,0,0,0,98.155568,19.580277,77.580864,75.124986,22833,15515,16202,36728,13967,10867,0,4382,0,2851,0,4334,0,903,4707,0,0,0,11743,4934,0.472565,0.504126,0.432738,0,0,47.361617,0.606002,157.256741,142.123969,137.454854,54377,1.525651,0,0.53681,0.587305,0,1.522853,0,0.532394,0.441645,0,1.525071,0,0.537617,0.45365,0,1.523338,0,0.536243,0.473453,0,58.361452
24,0.851097,0.051937,0.052934,0.038512,0.042248,0.455471,0.454445,0.387975,0.442986,74.772823,52.530064,49.303143,59.119986,0.87675,0.660415,0.629526,0.803448,0,0,0,0,162.632374,18.164794,64.827578,69.374905,23688,16021,13241,37249,15071,11180,0,3615,0,2932,0,4125,0,1346,3852,0,0,0,9556,7484,0.482683,0.501912,0.436583,0,0,48.266912,0.599976,166.488725,142.113668,140.757582,54857,1.525665,0,0.534195,0.684177,0,1.522836,0,0.535767,0.401993,0,1.524986,0,0.536764,0.473677,0,1.523344,0,0.534992,0.46438,0,62.830599
24,0.846115,0.05221,0.047499,0.043181,0.040979,0.496717,0.450816,0.417308,0.352829,67.283036,72.901066,39.198518,33.994084,0.895845,0.660288,0.654895,0.766823,0,0,0,0,335.401556,20.369416,46.120108,71.720194,26456,15903,14142,35109,16603,11042,0,2260,0,2904,0,4149,0,1198,4139,0,0,0,10282,5575,0.476897,0.492906,0.429997,0,0,48.906418,0.576669,159.188501,148.427694,142.653371,54052,1.525644,0,0.535403,0.898331,0,1.522821,0,0.535631,0.427815,0,1.525064,0,0.535925,0.42409,0,1.523403,0,0.535077,0.47533,0,59.365867
24,0.841306,0.051769,0.035436,0.046788,0.052362,0.433749,0.363004,0.443909,0.456036,65.091192,47.755741,50.736794,58.137705,0.835468,0.701757,0.655724,0.816883,0,0,0,0,112.173074,16.248254,58.988737,77.579531,21321,12933,14804,39513,14688,9105,0,4331,0,2377,0,5034,0,917,4327,0,0,0,10761,6193,0.469386,0.492687,0.425083,0,0,45.724628,0.602502,147.448407,137.541961,134.8017,53419,1.525602,0,0.538221,0.598787,0,1.522883,0,0.53569,0.423567,0,1.525125,0,0.535232,0.430992,0,1.523381,0,0.533233,0.463801,0,56.698528
24,0.859599,0.045874,0.046802,0.044507,0.05721,0.418329,0.396826,0.499273,0.472454,65.075312,51.785238,64.138828,50.719379,0.869419,0.736501,0.724829,0.868744,0,0,0,0,107.982827,17.036205,100.202849,81.049638,21431,14559,16868,45227,14387,10208,0,5180,0,2665,0,5132,0,845,4895,0,0,0,12162,5618,0.497717,0.51555,0.447532,0,0,47.96345,0.63775,150.3976,138.498085,135.656133,56254,1.525526,0,0.53841,0.587298,0,1.522892,0,0.535206,0.415194,0,1.524979,0,0.538142,0.502614,0,1.523363,0,0.537223,0.44932,0,65.784631
24,0.857042,0.043433,0.057219,0.045621,0.045412,0.421702,0.468491,0.467931,0.413686,55.341178,62.974178,58.548947,42.886959,0.872448,0.703381,0.709914,0.823577,0,0,0,0,148.240131,20.752797,102.307391,60.069909,24421,16941,15918,39195,14173,11860,0,4162,0,3131,0,4385,0,1059,4643,0,0,0,11523,5335,0.496781,0.50814,0.444111,0,0,48.29459,0.615403,155.717818,139.195456,141.483021,55800,1.525566,0,0.539219,0.653982,0,1.522881,0,0.536168,0.420855,0,1.525004,0,0.537076,0.510617,0,1.52334,0,0.535735,0.429686,0,65.173168
24,0.847569,0.043917,0.052519,0.041843,0.047074,0.41773,0.522942,0.367133,0.411992,58.666608,82.283261,34.560735,39.204616,0.856581,0.668637,0.60981,0.755903,0,0,0,0,134.711731,23.530185,39.837454,53.968254,23897,18593,12293,36828,13741,12966,0,3171,0,3403,0,3793,0,1492,3607,0,0,0,8988,7046,0.473485,0.490038,0.425535,0,0,47.621224,0.597447,156.142156,144.751567,141.680598,53485,1.525594,0,0.539324,0.57696,0,1.522811,0,0.536534,0.444773,0,1.525087,0,0.535411,0.421284,0,1.523431,0,0.537523,0.418124,0,58.351624
24,0.850806,0.049483,0.048271,0.046983,0.044669,0.415583,0.412617,0.450184,0.458961,59.18002,57.580432,53.725681,47.319834,0.85563,0.712361,0.679328,0.827171,0,0,0,0,206.894915,17.550128,84.379159,72.286063,21763,14529,15253,41647,14365,10226,0,4640,0,2676,0,4880,0,1019,4438,0,0,0,11014,6116,0.480533,0.503553,0.434805,0,0,47.157333,0.613866,149.112819,139.284976,135.341643,54604,1.525595,0,0.533156,0.756742,0,1.52283,0,0.537162,0.424363,0,1.525029,0,0.53487,0.470574,0,1.523414,0,0.533651,0.434169,0,62.229797
24,0.86099,0.042258,0.051347,0.036629,0.047498,0.483152,0.519081,0.352396,0.4253,87.855796,87.4733,40.442296,51.880179,0.923747,0.746845,0.605904,0.768287,0,0,0,0,347.068279,22.542203,49.827982,94.451779,28156,18488,11938,42797,16483,12778,0,2039,0,3334,0,4649,0,1632,3488,0,0,0,8694,7762,0.49812,0.511175,0.44515,0,0,51.326488,0.590294,163.645665,150.081434,145.347584,55900,1.525573,0,0.536233,0.986757,0,1.522766,0,0.539579,0.448462,0,1.525083,0,0.539328,0.455365,0,1.523398,0,0.53843,0.500164,0,65.727899
24,0.839375,0.052165,0.041315,0.045299,0.046656,0.505943,0.388077,0.422586,0.366493,89.558111,52.687162,49.808502,34.621393,0.869569,0.633013,0.63985,0.782891,0,0,0,0,332.173048,17.374203,65.347723,49.654268,24725,14127,14326,34318,16471,9876,0,2412,0,2579,0,4158,0,961,4180,0,0,0,10427,5785,0.462006,0.476788,0.413633,0,0,46.721964,0.578815,163.391658,141.499639,143.909255,51953,1.525627,0,0.536855,0.794065,0,1.522896,0,0.537623,0.436021,0,1.52506,0,0.541141,0.472182,0,1.52343,0,0.536406,0.420058,0,55.044707
24,0.86035,0.040964,0.044443,0.050124,0.061001,0.37331,0.407433,0.497152,0.507858,52.986656,60.296285,72.695649,66.594753,0.855657,0.754919,0.733934,0.848492,0,0,0,0,113.565512,16.836967,92.317069,88.177989,20573,14620,16915,45400,12907,10210,0,6794,0,2649,0,5335,0,950,4894,0,0,0,12190,5067,0.491926,0.516821,0.447456,0,0,47.668413,0.646292,151.865631,135.469697,132.385966,56235,1.525685,0,0.540632,0.632688,0,1.522791,0,0.529037,0.422714,0,1.52501,0,0.537716,0.481015,0,1.523303,0,0.533051,0.462087,0,66.777118
24,0.854521,0.061012,0.048907,0.037415,0.048475,0.511475,0.434697,0.340867,0.475951,96.077228,57.906029,33.280957,58.276613,0.907014,0.724777,0.572473,0.785965,0,0,0,0,305.400891,17.400609,35.774045,84.50766,26588,15343,11434,41985,17160,10582,0,2302,0,2763,0,4928,0,1456,3351,0,0,0,8346,8678,0.486125,0.502254,0.438461,0,0,49.196813,0.591387,158.90153,145.548532,143.487722,55105,1.525591,0,0.536547,0.841084,0,1.522814,0,0.538609,0.415585,0,1.525078,0,0.536029,0.412058,0,1.52334,0,0.534997,0.461804,0,63.503793
24,0.854475,0.047628,0.049228,0.049699,0.038743,0.45753,0.433387,0.489191,0.379729,70.123028,59.112605,72.688407,46.304348,0.877993,0.648144,0.732904,0.833245,0,0,0,0,189.354995,18.835669,138.267005,71.895915,24847,15668,16391,35331,15441,10918,0,3349,0,2868,0,4056,0,1157,4751,0,0,0,11820,5179,0.484715,0.502808,0.43514,0,0,49.04651,0.602689,163.968758,143.670536,142.756072,54688,1.525662,0,0.538888,0.7392,0,1.522831,0,0.538959,0.432625,0,1.524973,0,0.534995,0.51653,0,1.523341,0,0.537359,0.459866,0,64.362791
24,0.859335,0.037469,0.058675,0.050043,0.048927,0.408959,0.482214,0.446839,0.440202,67.460049,66.334583,54.790934,57.12396,0.869761,0.691563,0.69198,0.810029,0,0,0,0,191.325413,19.86351,69.356437,101.652519,22469,17207,15210,40659,13372,11997,0,5113,0,3124,0,4272,0,1198,4417,0,0,0,11026,5668,0.492529,0.510156,0.444063,0,0,47.70178,0.61956,160.399743,142.23212,137.862905,55797,1.525577,0,0.535797,0.769136,0,1.522848,0,0.536285,0.422654,0,1.525055,0,0.535291,0.464528,0,1.523309,0,0.534318,0.497894,0,67.251273
24,0.843122,0.048022,0.043816,0.046789,0.050219,0.452341,0.450594,0.41465,0.388504,77.526995,61.96123,54.348174,35.644685,0.878469,0.644746,0.641949,0.775584,0,0,0,0,187.907223,18.909311,79.591829,63.500399,25293,15974,13878,36113,15462,11099,0,3186,0,2931,0,3967,0,1181,4052,0,0,0,10092,6054,0.470205,0.494347,0.427915,0,0,48.319443,0.589475,158.459675,138.338798,141.838704,53778,1.52561,0,0.537554,0.737055,0,1.522792,0,0.536704,0.408853,0,1.525115,0,0.538523,0.513888,0,1.523427,0,0.536524,0.436413,0,57.574362
24,0.855455,0.057,0.044798,0.04603,0.046845,0.490213,0.354563,0.463064,0.43805,95.463675,39.071828,54.240292,69.447636,0.884227,0.686942,0.647111,0.842648,0,0,0,0,180.250169,13.678943,71.178985,79.395553,24004,12863,15051,39094,16570,9030,0,3613,0,2402,0,4863,0,707,4399,0,0,0,10900,6661,0.481461,0.504819,0.437962,0,0,47.443315,0.602851,154.72467,140.93229,140.50981,55049,1.525577,0,0.535548,0.698312,0,1.522915,0,0.535301,0.388634,0,1.525065,0,0.537592,0.453141,0,1.523345,0,0.535107,0.501954,0,63.776043
24,0.845337,0.056009,0.032816,0.057964,0.044046,0.494485,0.357794,0.435641,0.426541,91.429593,37.780818,68.128293,45.014065,0.86759,0.709238,0.641196,0.8139,0,0,0,0,180.997791,14.077447,120.12229,80.343465,23626,12924,14573,41237,16469,9014,0,3100,0,2359,0,5125,0,880,4242,0,0,0,10530,6434,0.471847,0.500069,0.43228,0,0,48.156064,0.596488,156.328006,142.172389,140.392756,54267,1.525612,0,0.537922,0.720227,0,1.522815,0,0.535169,0.392179,0,1.525149,0,0.534429,0.585447,0,1.523371,0,0.536797,0.467974,0,59.474879
24,0.850555,0.044129,0.052121,0.050403,0.053166,0.351379,0.480297,0.498038,0.415767,53.030556,60.737849,82.027096,40.06517,0.827674,0.682339,0.738345,0.841177,0,0,0,0,126.895788,22.464277,108.176401,58.922619,21319,17610,17035,40544,12037,12376,0,5021,0,3223,0,4092,0,944,4932,0,0,0,12277,4761,0.483525,0.505703,0.439682,0,0,46.753511,0.622479,145.71586,139.170986,134.293443,55251,1.525637,0,0.532849,0.677646,0,1.5228,0,0.535288,0.411363,0,1.524975,0,0.537739,0.534654,0,1.523428,0,0.53395,0.412165,0,61.646713
24,0.85058,0.04907,0.046239,0.052236,0.044883,0.417233,0.404601,0.4804,0.43303,61.638286,47.1592,58.270548,48.049577,0.851363,0.725599,0.688463,0.818919,0,0,0,0,134.47756,16.297555,66.3836,68.248637,22283,14770,15770,42342,14330,10392,0,4364,0,2707,0,4985,0,887,4593,0,0,0,11419,5360,0.482593,0.50058,0.434747,0,0,46.841712,0.620423,159.272491,136.766044,134.137911,54648,1.525664,0,0.535601,0.648697,0,1.522809,0,0.53991,0.407789,0,1.524978,0,0.53618,0.436289,0,1.52344,0,0.538039,0.450093,0,61.230316
24,0.851283,0.043249,0.038973,0.046452,0.05584,0.443371,0.409119,0.428542,0.455927,85.685014,59.78457,51.271797,55.609837,0.868097,0.68965,0.651361,0.813285,0,0,0,0,214.062473,17.652154,57.753025,112.232601,22755,14865,14359,41602,14926,10335,0,4216,0,2713,0,4616,0,1091,4182,0,0,0,10384,6616,0.478494,0.5069,0.435259,0,0,47.821919,0.608978,151.983395,141.121519,135.65562,54698,1.525607,0,0.536919,0.809622,0,1.522828,0,0.537654,0.406655,0,1.525033,0,0.536035,0.441775,0,1.52339,0,0.535836,0.508826,0,60.362021
24,0.85485,0.047602,0.048952,0.040345,0.045941,0.449501,0.451135,0.407829,0.455466,77.849296,57.514478,45.660085,58.848156,0.877658,0.746464,0.642307,0.799886,0,0,0,0,198.42139,19.15976,52.557842,89.213221,24219,15920,13440,43143,15277,11003,0,3506,0,2859,0,5064,0,1399,3912,0,0,0,9721,7171,0.490048,0.511215,0.442331,0,0,49.485151,0.606428,156.615829,143.181056,138.469291,55572,1.525606,0,0.534608,0.752989,0,1.522829,0,0.532009,0.412509,0,1.525084,0,0.537182,0.44176,0,1.523319,0,0.535097,0.482738,0,63.647192
24,0.857737,0.043126,0.049696,0.049044,0.047236,0.385002,0.484287,0.46269,0.427359,56.287599,73.805595,57.518495,65.415521,0.848545,0.698905,0.703265,0.833815,0,0,0,0,168.676734,22.070721,67.400176,90.50622,22439,17655,15651,39003,13138,12379,0,4257,0,3226,0,4258,0,1131,4546,0,0,0,11341,5844,0.492045,0.509841,0.44162,0,0,48.389175,0.616595,154.46777,139.991973,135.110785,55495,1.525592,0,0.536418,0.732655,0,1.52287,0,0.536503,0.436265,0,1.524997,0,0.536453,0.455904,0,1.523388,0,0.53349,0.500132,0,65.472323
24,0.85469,0.051565,0.040291,0.049999,0.043193,0.519095,0.420252,0.399098,0.408348,100.409142,53.283208,45.717541,44.342201,0.894826,0.690635,0.627661,0.804426,0,0,0,0,266.487044,17.191602,51.932365,77.076895,25889,14899,13557,40258,16949,10344,0,2322,0,2708,0,4630,0,1162,3958,0,0,0,9827,7141,0.476468,0.501568,0.435011,0,0,48.910438,0.58418,163.82595,147.389228,141.985993,54681,1.525539,0,0.537016,0.769849,0,1.522811,0,0.535273,0.410681,0,1.525122,0,0.54161,0.448881,0,1.523374,0,0.533749,0.463654,0,63.02564
24,0.853957,0.046422,0.056823,0.032957,0.051994,0.407139,0.475841,0.411851,0.461628,71.32459,81.841198,48.490704,49.253171,0.865431,0.720294,0.645533,0.811074,0,0,0,0,166.533736,21.288063,65.011482,84.327636,22522,17152,13937,43475,13930,11950,0,4154,0,3108,0,4578,0,1238,4041,0,0,0,10059,6995,0.4878,0.507997,0.438384,0,0,48.531213,0.615652,149.038202,140.641122,136.28322,55026,1.525571,0,0.539486,0.744645,0,1.522824,0,0.539759,0.443213,0,1.524968,0,0.538533,0.453727,0,1.523449,0,0.535431,0.450399,0,63.902325
24,0.836828,0.048752,0.064555,0.03679,0.03893,0.400051,0.517849,0.398891,0.348155,66.539042,83.070308,49.146944,41.171113,0.844006,0.607351,0.626916,0.748288,0,0,0,0,173.485926,23.80161,56.405005,41.541149,23439,18609,13230,33615,13553,13009,0,2902,0,3416,0,3160,0,1277,3876,0,0,0,9639,5970,0.462763,0.483355,0.417025,0,0,47.833454,0.574555,159.120806,145.382475,139.958154,52408,1.525625,0,0.53542,0.75415,0,1.522907,0,0.533485,0.447582,0,1.525122,0,0.534418,0.467008,0,1.52348,0,0.534159,0.429481,0,54.388233
24,0.841354,0.039507,0.060867,0.034746,0.040882,0.38583,0.52171,0.336429,0.448658,63.701584,72.472364,46.485778,44.684755,0.838122,0.673142,0.58287,0.759368,0,0,0,0,150.82319,21.765678,52.569015,58.578279,22975,18356,11293,38849,13331,12775,0,3194,0,3353,0,3882,0,1664,3292,0,0,0,8199,8199,0.467528,0.492835,0.423205,0,0,47.406192,0.595272,155.82888,140.301132,136.884405,53193,1.525637,0,0.536684,0.70851,0,1.522875,0,0.538988,0.416801,0,1.525089,0,0.536697,0.48988,0,1.523419,0,0.537071,0.420037,0,56.183573
24,0.857859,0.053155,0.036226,0.044995,0.046205,0.489388,0.387471,0.428204,0.461087,91.662271,55.812187,45.117426,67.168453,0.892463,0.734129,0.648072,0.80046,0,0,0,0,184.58729,15.777644,50.396191,101.647569,24625,13889,14348,42436,16118,9642,0,4069,0,2510,0,5246,0,1059,4177,0,0,0,10414,6251,0.487325,0.502338,0.437109,0,0,48.028755,0.606222,162.969627,145.650743,141.469939,54885,1.525667,0,0.537833,0.688078,0,1.522759,0,0.53623,0.423473,0,1.525078,0,0.537213,0.424131,0,1.523328,0,0.534906,0.499327,0,64.957114
24,0.854573,0.05074,0.032271,0.051758,0.049885,0.456174,0.277074,0.463196,0.548464,71.017741,32.307874,55.309058,89.226688,0.8631,0.756584,0.667344,0.874919,0,0,0,0,115.209759,10.819908,76.196223,120.189359,20864,10043,15794,45722,15736,7039,0,5734,0,1847,0,6060,0,638,4598,0,0,0,11411,6794,0.491456,0.499989,0.438616,0,0,46.003194,0.636119,147.597818,135.645661,131.512275,55111,1.525616,0,0.536013,0.589119,0,1.522881,0,0.537518,0.393965,0,1.525032,0,0.538432,0.465282,0,1.523364,0,0.536202,0.526828,0,64.151355
24,0.845752,0.046083,0.039202,0.038007,0.054992,0.417993,0.424812,0.390398,0.46988,70.736155,51.038769,36.657663,49.914261,0.846612,0.698626,0.61537,0.783849,0,0,0,0,143.020835,17.185801,40.016688,77.805449,22139,15121,13071,41824,14206,10561,0,4208,0,2767,0,4658,0,1213,3831,0,0,0,9484,7083,0.473404,0.490476,0.424814,0,0,46.117844,0.606313,159.929131,135.291581,134.722088,53382,1.525639,0,0.532981,0.66391,0,1.522879,0,0.53373,0.409184,0,1.525096,0,0.535418,0.408788,0,1.523452,0,0.535698,0.447012,0,57.335114
24,0.849636,0.050612,0.039158,0.043233,0.044217,0.493555,0.38091,0.414284,0.432356,96.159159,47.820465,57.801676,41.970175,0.890766,0.689794,0.641802,0.80011,0,0,0,0,218.888405,15.302864,79.892644,93.908541,25095,13519,14077,40321,16830,9417,0,3153,0,2470,0,4832,0,1087,4113,0,0,0,10206,6523,0.477481,0.49473,0.429155,0,0,48.005942,0.589,162.946585,144.517352,142.843196,53901,1.52558,0,0.535182,0.759407,0,1.522824,0,0.53555,0.410916,0,1.525119,0,0.533275,0.513914,0,1.523443,0,0.534802,0.494243,0,60.429819
24,0.859593,0.049851,0.046208,0.043055,0.061688,0.421756,0.450328,0.444281,0.477928,63.733726,71.189906,58.180103,65.870354,0.859896,0.731289,0.678472,0.857853,0,0,0,0,157.124011,20.030741,63.878615,85.694505,23260,16255,14848,42860,14149,11383,0,4105,0,2965,0,4816,0,1213,4306,0,0,0,10733,7276,0.495866,0.516924,0.446085,0,0,48.191323,0.627843,157.063178,141.246742,137.820323,56041,1.525572,0,0.539299,0.690762,0,1.522867,0,0.535339,0.429856,0,1.525003,0,0.536307,0.455525,0,1.523313,0,0.533949,0.478613,0,66.525828
24,0.849292,0.039439,0.05191,0.04519,0.048565,0.455632,0.384958,0.457216,0.43197,68.648302,51.786332,55.021939,49.505469,0.876319,0.680981,0.674179,0.819584,0,0,0,0,129.155091,16.970666,58.222504,65.803344,23250,13750,15137,39693,15583,9599,0,4246,0,2517,0,4701,0,994,4416,0,0,0,10969,5983,0.47896,0.501952,0.434061,0,0,47.74376,0.613378,156.358548,141.106653,141.186499,54519,1.525615,0,0.541578,0.63044,0,1.522844,0,0.541805,0.426985,0,1.525042,0,0.539373,0.449542,0,1.523373,0,0.537582,0.440781,0,60.983011
24,0.854023,0.045114,0.04615,0.045894,0.05216,0.455941,0.377672,0.431283,0.493587,73.08919,43.169364,59.572224,62.621702,0.864243,0.737984,0.637815,0.85862,0,0,0,0,179.935822,14.886025,83.481149,92.947635,22968,13598,14589,43353,15416,9548,0,4035,0,2505,0,5289,0,837,4246,0,0,0,10563,7525,0.487877,0.505581,0.437505,0,0,47.472681,0.616623,150.22844,139.413675,137.803252,54973,1.525537,0,0.537055,0.696043,0,1.522861,0,0.535003,0.396804,0,1.525072,0,0.531966,0.504508,0,1.523363,0,0.535989,0.463289,0,63.423609
24,0.847093,0.041325,0.035807,0.055076,0.055872,0.446374,0.354422,0.44419,0.473099,74.948748,54.175903,50.063527,52.421045,0.845833,0.705974,0.673751,0.828815,0,0,0,0,134.597974,15.281474,68.774613,69.829223,22717,12653,15159,41327,15009,8797,0,4548,0,2317,0,5130,0,1009,4404,0,0,0,10947,6248,0.475949,0.495908,0.429747,0,0,46.141206,0.607827,149.015429,138.750943,137.559745,53993,1.52555,0,0.533542,0.634481,0,1.522874,0,0.53095,0.423352,0,1.52512,0,0.536445,0.459402,0,1.523422,0,0.533534,0.432549,0,60.111242
24,0.860779,0.050245,0.040031,0.056395,0.049033,0.365776,0.444048,0.512942,0.458594,51.850994,62.425807,66.221226,55.153704,0.85029,0.711182,0.732149,0.847161,0,0,0,0,109.028835,17.757045,70.569555,74.113382,20120,16382,17245,41363,12346,11559,0,6212,0,3032,0,4554,0,758,5005,0,0,0,12471,4652,0.492323,0.513126,0.446752,0,0,46.651762,0.643359,155.127348,133.756866,135.197563,56153,1.525644,0,0.537667,0.581088,0,1.522765,0,0.541309,0.416065,0,1.525029,0,0.537712,0.447811,0,1.523323,0,0.536705,0.437419,0,66.941908
24,0.856796,0.055887,0.041368,0.04661,0.04358,0.447357,0.319844,0.544075,0.454009,61.450494,33.337169,83.870606,57.792896,0.879321,0.712535,0.75645,0.868619,0,0,0,0,115.593466,12.728344,107.533671,78.650931,21668,11815,18397,40134,15396,8338,0,5743,0,2186,0,5314,0,530,5336,0,0,0,13273,4115,0.485535,0.51122,0.440524,0,0,46.888966,0.630627,154.168832,139.080659,136.472246,55304,1.525597,0,0.533334,0.584939,0,1.522879,0,0.531339,0.381959,0,1.524994,0,0.535745,0.490266,0,1.523364,0,0.537322,0.447141,0,65.056142
24,0.869909,0.048401,0.047536,0.041776,0.047795,0.476177,0.406883,0.486576,0.457503,79.811359,56.569459,77.328454,57.071066,0.906855,0.753404,0.719416,0.881795,0,0,0,0,177.444926,17.72728,99.214535,131.604164,25442,14830,16638,44270,16039,10310,0,4181,0,2689,0,5285,0,912,4810,0,0,0,11975,6202,0.511451,0.523641,0.45692,0,0,50.140525,0.633729,159.836327,141.431326,138.233373,57357,1.525583,0,0.53698,0.709806,0,1.522763,0,0.535074,0.417655,0,1.524993,0,0.53729,0.527206,0,1.523362,0,0.534266,0.535955,0,73.691686
24,0.863845,0.043044,0.047487,0.037953,0.059282,0.427947,0.449469,0.425089,0.505462,65.676884,59.7793,47.784843,69.871744,0.879006,0.736906,0.636261,0.859575,0,0,0,0,159.775581,17.813446,51.903408,92.007165,22968,16393,14062,43812,14460,11466,0,4353,0,3002,0,4840,0,1061,4087,0,0,0,10168,8085,0.497973,0.522122,0.45156,0,0,48.787178,0.64062,156.515326,139.929743,134.56072,56747,1.525542,0,0.537059,0.690472,0,1.522847,0,0.536726,0.412454,0,1.525004,0,0.537159,0.417577,0,1.523309,0,0.537174,0.463152,0,69.941603
24,0.850769,0.038013,0.048092,0.05382,0.042993,0.367218,0.419708,0.492742,0.451434,54.171415,53.998756,58.742751,59.219769,0.83459,0.685108,0.714088,0.836687,0,0,0,0,110.051641,17.134007,70.587041,67.444356,19920,15356,16558,39682,12427,10832,0,6100,0,2846,0,4452,0,824,4827,0,0,0,11979,5053,0.482403,0.504859,0.435329,0,0,45.923769,0.633379,151.914917,133.353225,129.750907,54697,1.525616,0,0.533818,0.636939,0,1.522867,0,0.534454,0.403828,0,1.525073,0,0.536052,0.435005,0,1.523317,0,0.534686,0.445018,0,62.040065
24,0.852253,0.04016,0.042981,0.059633,0.048035,0.365847,0.428245,0.528888,0.42364,61.272538,61.293056,93.726646,48.128726,0.813773,0.662759,0.754709,0.885804,0,0,0,0,113.949212,16.677011,143.116516,77.014699,19564,15684,18066,38481,12319,11057,0,5208,0,2902,0,4176,0,685,5223,0,0,0,13020,4893,0.483472,0.503809,0.434943,0,0,45.769498,0.627712,150.855682,133.711675,132.493773,54656,1.525646,0,0.533071,0.650634,0,1.522773,0,0.53603,0.40591,0,1.525015,0,0.536505,0.583694,0,1.523454,0,0.535178,0.445199,0,62.760637
24,0.86139,0.044357,0.049464,0.044583,0.042318,0.418884,0.526466,0.408884,0.436828,75.015957,76.07452,52.658511,56.172462,0.878286,0.671527,0.665881,0.790328,0,0,0,0,163.631877,22.146275,67.025759,55.617083,25113,18841,13730,38528,13480,13103,0,4322,0,3441,0,3789,0,1553,3989,0,0,0,9956,6613,0.486764,0.517594,0.448923,0,0,48.981137,0.612095,153.232564,144.881061,141.713594,56428,1.525595,0,0.534841,0.672563,0,1.522776,0,0.536014,0.420308,0,1.525075,0,0.538447,0.476407,0,1.523309,0,0.537804,0.428553,0,67.578195
24,0.851605,0.058949,0.048023,0.031111,0.046787,0.468476,0.461943,0.354804,0.457135,78.032154,60.957122,38.523751,63.382405,0.871756,0.72712,0.57998,0.801492,0,0,0,0,195.161813,19.55213,50.564606,91.294335,25422,16469,12050,40180,15640,11474,0,2318,0,3002,0,4743,0,1304,3507,0,0,0,8757,8520,0.483103,0.505022,0.436299,0,0,49.156012,0.603045,164.775003,142.502597,137.114794,54797,1.52564,0,0.539809,0.751825,0,1.522893,0,0.536919,0.423542,0,1.52502,0,0.539763,0.439936,0,1.523319,0,0.536621,0.503024,0,62.482651
24,0.84539,0.047262,0.047614,0.038283,0.058918,0.414917,0.475275,0.387508,0.429779,64.568062,65.893175,39.579266,47.419871,0.83881,0.686049,0.617557,0.783538,0,0,0,0,143.559854,20.966838,43.277649,69.202071,23352,16943,12910,39716,13797,11814,0,3391,0,3103,0,4236,0,1299,3793,0,0,0,9403,7188,0.477228,0.493674,0.428881,0,0,47.23392,0.596646,157.112326,143.354098,139.287789,53896,1.525633,0,0.536524,0.678331,0,1.522874,0,0.535229,0.421612,0,1.525037,0,0.533774,0.413778,0,1.52342,0,0.533985,0.459199,0,58.571615
24,0.84825,0.044562,0.04895,0.046821,0.046416,0.444972,0.43334,0.463763,0.388201,61.351283,51.779391,55.118638,47.041926,0.869897,0.682315,0.693498,0.812707,0,0,0,0,135.417706,18.418857,64.272579,67.105747,23497,15566,15634,36454,15166,10898,0,3442,0,2861,0,4409,0,1005,4554,0,0,0,11312,5345,0.4793,0.500204,0.432277,0,0,48.23379,0.599831,162.324783,141.422249,141.482768,54273,1.525648,0,0.537378,0.641246,0,1.5229,0,0.538176,0.413911,0,1.525026,0,0.535796,0.449899,0,1.523345,0,0.532856,0.467066,0,60.814164
24,0.869645,0.058995,0.048965,0.034227,0.053786,0.521447,0.404528,0.404699,0.503411,104.405692,59.028917,49.501614,67.843999,0.907753,0.753428,0.633012,0.854053,0,0,0,0,304.639914,16.587419,51.469276,107.484524,24690,14532,13410,44953,16866,10064,0,3222,0,2612,0,5353,0,1305,3904,0,0,0,9720,8545,0.504821,0.52194,0.45602,0,0,50.440736,0.62196,155.1049,144.186814,139.347183,57280,1.525547,0,0.53523,0.794739,0,1.522764,0,0.535138,0.417242,0,1.525021,0,0.535931,0.451918,0,1.523318,0,0.538306,0.503987,0,72.528364
24,0.848694,0.051724,0.039624,0.049909,0.046399,0.416702,0.407371,0.455181,0.446658,66.291701,56.1806,54.579166,52.998477,0.840616,0.683051,0.667941,0.830879,0,0,0,0,125.778977,15.861446,67.310356,67.040026,21283,14590,15198,39472,13937,10277,0,4610,0,2691,0,4568,0,890,4437,0,0,0,11021,6200,0.47946,0.496036,0.430149,0,0,45.719405,0.610653,157.274805,135.788681,137.037243,54050,1.525684,0,0.534048,0.625269,0,1.522824,0,0.534929,0.40702,0,1.525017,0,0.534506,0.455907,0,1.523422,0,0.535293,0.444751,0,60.676801
24,0.843057,0.043228,0.053721,0.050004,0.035084,0.489497,0.492203,0.430447,0.28735,96.514738,68.975617,46.860285,27.640237,0.879952,0.594276,0.675758,0.743114,0,0,0,0,337.659289,21.638626,57.345863,58.879541,26143,17690,14567,30493,15583,12352,0,1960,0,3273,0,3152,0,1235,4271,0,0,0,10610,4524,0.461234,0.484362,0.418979,0,0,48.802012,0.559514,160.221875,149.961767,148.616133,52650,1.525545,0,0.538797,0.882968,0,1.522901,0,0.539409,0.428489,0,1.525115,0,0.538959,0.449331,0,1.523455,0,0.538438,0.485891,0,57.49216
24,0.84109,0.048922,0.059236,0.037996,0.039554,0.401842,0.529463,0.334205,0.420052,71.564259,89.708816,29.938929,36.421013,0.850604,0.675826,0.584446,0.726306,0,0,0,0,155.790594,23.71278,31.238832,56.403065,22896,18679,11278,40141,13619,13023,0,3059,0,3416,0,3855,0,1639,3322,0,0,0,8232,7315,0.466798,0.483139,0.42104,0,0,47.19035,0.589452,152.875785,142.23773,138.913514,52894,1.525618,0,0.534104,0.686926,0,1.522868,0,0.539512,0.457367,0,1.525085,0,0.539373,0.39337,0,1.523475,0,0.536674,0.413354,0,56.214035
24,0.870942,0.047619,0.051037,0.050258,0.049303,0.459414,0.460109,0.430446,0.476842,66.892439,68.776657,51.951384,66.411227,0.916057,0.773164,0.686579,0.820056,0,0,0,0,224.438269,20.969709,73.091269,126.06943,25142,16366,14695,45076,15560,11334,0,4357,0,2945,0,5259,0,1380,4258,0,0,0,10615,6474,0.506076,0.527027,0.458171,0,0,50.676378,0.62962,155.713553,143.585805,141.792682,57568,1.52555,0,0.537709,0.75036,0,1.522791,0,0.535765,0.432576,0,1.52502,0,0.536294,0.462551,0,1.523334,0,0.539494,0.539666,0,73.407835
24,0.850414,0.059274,0.031634,0.048036,0.048683,0.519566,0.3244,0.448966,0.444079,95.413551,49.017132,54.77729,41.242975,0.881685,0.740548,0.660924,0.851116,0,0,0,0,228.497042,12.28592,66.307716,94.234687,24601,11639,15126,43986,17774,8064,0,2591,0,2129,0,5648,0,891,4384,0,0,0,10914,6858,0.480285,0.501882,0.434504,0,0,47.980223,0.602687,150.029891,140.985555,138.359913,54606,1.525539,0,0.537265,0.758974,0,1.522889,0,0.534294,0.4296,0,1.525016,0,0.537128,0.432432,0,1.523478,0,0.536987,0.465684,0,62.632737
24,0.862236,0.050185,0.059944,0.054299,0.035928,0.435752,0.460942,0.456862,0.434419,79.811071,82.477678,63.434085,63.569694,0.879467,0.699193,0.68655,0.837273,0,0,0,0,169.640722,19.098003,74.106161,91.208877,23850,16807,15277,40840,14353,11761,0,4268,0,3055,0,4412,0,1110,4433,0,0,0,11041,6334,0.496837,0.515158,0.447591,0,0,48.931835,0.612034,160.728832,140.26976,137.686137,56250,1.525534,0,0.537166,0.687746,0,1.52285,0,0.536478,0.449352,0,1.524984,0,0.535486,0.484078,0,1.523317,0,0.535595,0.493693,0,67.875184
24,0.855244,0.052272,0.046612,0.041322,0.045814,0.434632,0.437553,0.440624,0.435653,70.852016,53.22137,55.881927,50.120441,0.859228,0.709718,0.670384,0.839266,0,0,0,0,187.061966,18.652781,70.801318,73.254474,22878,15927,15056,41864,14562,11157,0,3670,0,2934,0,4626,0,1033,4363,0,0,0,10865,6627,0.483606,0.507392,0.435663,0,0,47.275126,0.612213,156.686793,141.667753,139.243597,54702,1.525628,0,0.533803,0.728571,0,1.522841,0,0.536846,0.394939,0,1.524984,0,0.535182,0.465021,0,1.5234,0,0.535489,0.44574,0,64.662519
24,0.86105,0.043469,0.048888,0.04577,0.05415,0.401207,0.457868,0.418124,0.508713,62.614919,59.585655,60.080882,58.499535,0.862168,0.725007,0.655381,0.844734,0,0,0,0,139.535497,17.573008,70.324966,72.802398,22957,16290,14200,44952,13628,11329,0,5015,0,2960,0,4757,0,1246,4110,0,0,0,10275,7563,0.494904,0.516955,0.44603,0,0,48.27753,0.638612,158.782582,135.502682,134.5836,56048,1.525603,0,0.538695,0.675545,0,1.522777,0,0.53839,0.401874,0,1.525015,0,0.534558,0.470954,0,1.523374,0,0.537972,0.429348,0,67.546124
24,0.855302,0.046714,0.047397,0.047708,0.046787,0.392197,0.429633,0.483712,0.454143,60.011721,53.499103,55.036394,61.465605,0.859129,0.716309,0.715029,0.82731,0,0,0,0,147.519846,18.594857,80.64734,76.454528,20101,15337,16381,41811,13344,10790,0,5782,0,2787,0,4822,0,931,4764,0,0,0,11866,4967,0.485874,0.5049,0.437012,0,0,46.504039,0.631925,149.961423,139.615108,134.504005,54932,1.525611,0,0.535686,0.680291,0,1.522822,0,0.535093,0.406055,0,1.525024,0,0.533405,0.456113,0,1.523379,0,0.534423,0.441159,0,63.479224
24,0.854101,0.049957,0.039801,0.05376,0.042795,0.447914,0.37668,0.528558,0.393021,79.388626,58.534781,88.339104,40.350262,0.867025,0.677422,0.759203,0.854612,0,0,0,0,336.006336,16.177579,114.310481,106.653258,23583,13679,17751,38118,15343,9550,0,4257,0,2521,0,4660,0,901,5116,0,0,0,12769,4438,0.47924,0.507213,0.434583,0,0,47.694478,0.607358,159.553716,142.123795,138.487969,54611,1.525569,0,0.538903,0.998464,0,1.522857,0,0.538532,0.444485,0,1.525007,0,0.538597,0.531188,0,1.523486,0,0.537288,0.514787,0,63.044508
24,0.857176,0.04185,0.043099,0.053358,0.056684,0.457477,0.37699,0.492982,0.447556,82.718631,46.392118,65.835875,50.941615,0.883352,0.733849,0.727785,0.846255,0,0,0,0,213.669794,15.515437,111.490962,100.49903,23524,13680,16597,43378,15566,9498,0,4637,0,2499,0,5254,0,1030,4796,0,0,0,11942,5343,0.496347,0.510033,0.444287,0,0,48.286165,0.616715,157.112392,141.07684,136.767839,55841,1.525513,0,0.536157,0.789789,0,1.522863,0,0.537337,0.411668,0,1.52502,0,0.536767,0.520565,0,1.523416,0,0.536401,0.501459,0,65.409558
24,0.858385,0.047865,0.048894,0.050254,0.042999,0.437886,0.428861,0.475897,0.435631,70.821393,72.272222,50.659553,51.410518,0.873866,0.709559,0.686757,0.838409,0,0,0,0,153.439664,18.369008,53.131147,75.265335,22669,15467,15801,39852,14618,10888,0,4421,0,2848,0,4698,0,812,4630,0,0,0,11503,5739,0.492298,0.511318,0.444621,0,0,48.018002,0.627341,154.426266,137.302368,138.529016,55870,1.525547,0,0.534906,0.635929,0,1.52279,0,0.536743,0.433974,0,1.525107,0,0.539266,0.421443,0,1.523333,0,0.538809,0.451726,0,65.590478
24,0.854925,0.047572,0.046002,0.043509,0.044312,0.456962,0.496805,0.389356,0.40965,64.002804,70.911983,41.131607,43.2984,0.888683,0.693737,0.627942,0.792902,0,0,0,0,173.060231,21.658046,59.210956,53.09904,25808,17662,13192,39032,15296,12294,0,2784,0,3244,0,4188,0,1342,3843,0,0,0,9613,7140,0.488348,0.505858,0.438422,0,0,49.715996,0.594685,157.344117,148.629255,144.801832,55077,1.525565,0,0.537244,0.656163,0,1.522782,0,0.536184,0.431068,0,1.525117,0,0.533535,0.465121,0,1.52341,0,0.537285,0.424225,0,64.19821
24,0.847669,0.040985,0.051211,0.048134,0.045291,0.412538,0.403024,0.502308,0.399012,68.744213,44.988609,70.294388,43.805282,0.848585,0.657915,0.739247,0.843187,0,0,0,0,169.247704,16.101481,195.378996,69.328996,22318,14446,17163,37744,14255,10149,0,4584,0,2661,0,4339,0,895,4970,0,0,0,12391,4662,0.473356,0.500851,0.430582,0,0,47.79258,0.600945,155.42221,139.283955,138.13573,54091,1.52555,0,0.541564,0.727689,0,1.522878,0,0.537354,0.393467,0,1.52507,0,0.53619,0.659147,0,1.523442,0,0.534678,0.441436,0,59.491917
24,0.848724,0.051172,0.041275,0.047239,0.045592,0.48473,0.358262,0.43495,0.445531,78.771981,44.828513,57.651201,52.021841,0.881687,0.697117,0.644941,0.826765,0,0,0,0,218.514694,13.713725,68.083104,84.152729,24067,12798,14686,41020,16624,8957,0,3493,0,2364,0,4998,0,857,4285,0,0,0,10646,6602,0.47645,0.496796,0.42902,0,0,47.552158,0.597333,148.243288,142.678818,139.883475,53848,1.525556,0,0.536496,0.723591,0,1.522894,0,0.539129,0.397817,0,1.525121,0,0.535929,0.471431,0,1.523404,0,0.537217,0.476793,0,59.634789
24,0.853366,0.038884,0.048082,0.047105,0.053824,0.414841,0.421512,0.483297,0.438484,62.292566,75.037919,58.578165,51.010252,0.859168,0.722533,0.703772,0.838408,0,0,0,0,142.561879,18.256649,75.518296,90.502427,22073,15338,15989,41298,14336,10772,0,4347,0,2814,0,4861,0,978,4648,0,0,0,11551,5674,0.489055,0.508567,0.440048,0,0,47.594082,0.626041,157.178881,136.642303,134.379189,55309,1.525595,0,0.535369,0.676782,0,1.522841,0,0.532499,0.449585,0,1.525038,0,0.535833,0.470551,0,1.523352,0,0.537463,0.480572,0,63.069792
24,0.840371,0.057743,0.048025,0.030624,0.047643,0.461828,0.424807,0.40051,0.396917,69.982918,50.849359,50.193985,36.5866,0.882021,0.630313,0.620576,0.756539,0,0,0,0,211.621673,18.132037,61.621562,58.419239,24260,15258,13302,34743,15843,10630,0,3176,0,2810,0,3928,0,1175,3894,0,0,0,9691,6110,0.466541,0.486066,0.423331,0,0,47.927759,0.576227,156.544922,145.363563,146.185183,53192,1.52568,0,0.537283,0.75084,0,1.522913,0,0.535929,0.422246,0,1.525007,0,0.537101,0.452728,0,1.523404,0,0.53624,0.43126,0,55.41706
24,0.846607,0.053813,0.054399,0.044588,0.026828,0.474928,0.511922,0.362815,0.376072,84.844006,85.948915,38.161166,42.336116,0.911326,0.684527,0.586616,0.729999,0,0,0,0,330.901829,24.006257,39.602912,76.150514,28041,18363,11962,35693,16304,12739,0,1831,0,3347,0,4003,0,1366,3516,0,0,0,8755,6702,0.471093,0.496164,0.4253,0,0,49.703923,0.572026,156.881641,147.373232,145.469558,53456,1.525635,0,0.537102,0.883011,0,1.522747,0,0.536995,0.456942,0,1.52515,0,0.53833,0.423252,0,1.523437,0,0.538046,0.452214,0,59.397947
24,0.861854,0.032985,0.055919,0.055775,0.049302,0.378644,0.463007,0.491867,0.44822,59.010354,72.36331,81.923554,46.754511,0.849385,0.719313,0.715847,0.85931,0,0,0,0,105.886261,20.288233,93.085251,87.967752,21610,17075,16433,43531,13009,11963,0,4843,0,3098,0,4576,0,937,4766,0,0,0,11849,5804,0.497679,0.514554,0.445968,0,0,48.233979,0.633826,151.792942,137.064874,133.891946,55992,1.525497,0,0.535227,0.609797,0,1.522793,0,0.538138,0.414286,0,1.525057,0,0.535278,0.524377,0,1.523378,0,0.535026,0.464235,0,65.887729
24,0.854068,0.05505,0.047083,0.043645,0.043389,0.516302,0.428762,0.396333,0.413201,96.28068,65.409608,47.100395,51.926735,0.909483,0.712544,0.622036,0.774104,0,0,0,0,316.145723,18.906281,49.309365,77.329158,26807,15327,13287,39548,17113,10636,0,2418,0,2789,0,4782,0,1202,3889,0,0,0,9667,6590,0.483873,0.495143,0.432098,0,0,49.424412,0.581399,160.442405,146.787527,144.424595,54289,1.525535,0,0.535877,0.797275,0,1.522827,0,0.536274,0.442593,0,1.525052,0,0.538923,0.442937,0,1.523448,0,0.536563,0.48543,0,63.608607
24,0.84261,0.053679,0.046668,0.054367,0.044542,0.433673,0.410597,0.412803,0.432495,63.09728,50.244203,44.676783,58.782933,0.847898,0.632978,0.627203,0.801246,0,0,0,0,155.841864,17.03743,57.761926,47.709353,22083,14690,13889,36298,14481,10291,0,4092,0,2703,0,4048,0,999,4060,0,0,0,10087,6712,0.470076,0.486946,0.422302,0,0,46.190206,0.592966,150.89946,140.923954,135.053454,53084,1.525682,0,0.539094,0.663409,0,1.52289,0,0.535614,0.403676,0,1.525083,0,0.534502,0.454134,0,1.523384,0,0.535958,0.414136,0,56.037547
24,0.859888,0.046436,0.05215,0.059871,0.026581,0.400805,0.467839,0.538298,0.355304,70.631363,66.780864,88.7215,39.512783,0.84649,0.656996,0.769832,0.858435,0,0,0,0,123.484878,19.248261,128.897234,84.009827,21757,17097,18281,35773,13158,12097,0,4388,0,3144,0,3904,0,747,5296,0,0,0,13175,3988,0.488458,0.51257,0.441093,0,0,47.53536,0.610206,152.163699,139.485768,137.202434,55411,1.525567,0,0.537873,0.640889,0,1.522872,0,0.537111,0.413535,0,1.524996,0,0.538595,0.553943,0,1.523371,0,0.537553,0.472146,0,66.675841
24,0.860752,0.046566,0.052476,0.038884,0.048593,0.454499,0.457394,0.372604,0.485855,72.124157,65.017339,42.959829,69.119348,0.904368,0.759866,0.622136,0.788132,0,0,0,0,186.742757,20.928407,52.779641,99.216345,24786,16406,12679,43055,15648,11339,0,3748,0,2943,0,5125,0,1526,3679,0,0,0,9184,7600,0.494741,0.513495,0.443507,0,0,49.491651,0.610526,159.731293,141.63364,139.076652,55739,1.525583,0,0.538116,0.714363,0,1.522866,0,0.537434,0.439535,0,1.524995,0,0.5367,0.43424,0,1.523322,0,0.533704,0.484676,0,67.414691
24,0.843255,0.040941,0.048624,0.046242,0.046133,0.425616,0.414942,0.425587,0.438626,56.216111,48.618154,51.498798,46.734031,0.851823,0.697446,0.655261,0.798553,0,0,0,0,127.85116,16.74048,67.798638,63.256432,22864,14653,14419,40709,14527,10211,0,4263,0,2686,0,4720,0,1098,4207,0,0,0,10499,6088,0.471087,0.495065,0.428596,0,0,46.808877,0.600082,159.214908,139.801748,136.220143,53819,1.525634,0,0.533291,0.624651,0,1.52289,0,0.533289,0.406848,0,1.525073,0,0.535433,0.467522,0,1.52339,0,0.535827,0.440259,0,57.016006
24,0.847492,0.055265,0.044167,0.037927,0.054053,0.422003,0.485255,0.374042,0.436549,74.726147,69.399,36.677527,48.392823,0.857982,0.669652,0.623592,0.766427,0,0,0,0,150.148449,20.866951,42.032485,65.370283,22936,16968,12642,38899,13983,11763,0,3939,0,3094,0,4075,0,1511,3699,0,0,0,9181,7052,0.478036,0.495551,0.430924,0,0,47.584125,0.603577,151.278569,141.080402,137.123868,54093,1.525571,0,0.532971,0.654293,0,1.522854,0,0.534995,0.422926,0,1.525092,0,0.535331,0.41186,0,1.523431,0,0.537786,0.437459,0,59.621435
24,0.841184,0.048762,0.055144,0.035134,0.044606,0.434121,0.493555,0.405583,0.358401,65.932186,78.506596,40.841197,37.425581,0.87704,0.680502,0.628504,0.739666,0,0,0,0,175.139502,22.681546,57.991295,58.213313,25618,17592,13559,34659,14991,12324,0,2733,0,3228,0,4067,0,1151,3971,0,0,0,9897,5401,0.467074,0.489804,0.424502,0,0,48.772897,0.583878,156.767749,140.57764,142.493826,53311,1.525685,0,0.531975,0.702818,0,1.522828,0,0.537971,0.448675,0,1.525079,0,0.536094,0.450877,0,1.523436,0,0.534257,0.445053,0,56.432049
24,0.858108,0.056128,0.031874,0.04605,0.053346,0.502857,0.326795,0.497836,0.436431,127.572585,40.528328,77.74612,54.063008,0.86866,0.752055,0.704216,0.884824,0,0,0,0,234.512119,13.424363,113.302623,126.05195,23575,11998,16727,45575,16934,8414,0,2989,0,2179,0,5720,0,699,4834,0,0,0,12047,6182,0.489598,0.507819,0.440523,0,0,47.687523,0.609323,153.534072,141.996107,139.828174,55375,1.52557,0,0.538152,0.838019,0,1.522891,0,0.535238,0.405137,0,1.524978,0,0.536188,0.542874,0,1.523454,0,0.535381,0.560257,0,66.07691
24,0.854463,0.041427,0.053761,0.047954,0.050443,0.406181,0.465256,0.476343,0.409577,65.436578,75.598595,64.022591,37.203712,0.86046,0.709241,0.706436,0.81484,0,0,0,0,146.499176,21.309307,69.503393,89.809776,23521,16935,15641,40511,13852,11841,0,4168,0,3086,0,4487,0,1151,4556,0,0,0,11319,5390,0.484185,0.506671,0.437278,0,0,48.749028,0.61582,157.199004,141.244579,136.929507,54966,1.525638,0,0.535873,0.650198,0,1.522758,0,0.535459,0.43754,0,1.524996,0,0.535389,0.451759,0,1.52345,0,0.53372,0.469535,0,64.562238
24,0.8583,0.053151,0.03841,0.049382,0.048862,0.481597,0.390521,0.470279,0.42703,85.807178,48.627792,53.064822,48.125071,0.890527,0.735071,0.680849,0.840834,0,0,0,0,193.837743,16.198336,78.338827,78.142416,24641,14135,15517,42270,16448,9833,0,3340,0,2610,0,5169,0,914,4518,0,0,0,11238,6160,0.491655,0.511319,0.44345,0,0,48.779556,0.606862,156.123002,142.479527,139.41499,55730,1.525607,0,0.538335,0.721469,0,1.522807,0,0.535261,0.40707,0,1.525091,0,0.536929,0.472704,0,1.523312,0,0.536713,0.453475,0,66.729352
24,0.862787,0.041898,0.045181,0.052869,0.049632,0.485557,0.401355,0.463142,0.44918,89.641629,53.433214,67.387797,46.236712,0.910664,0.735871,0.670244,0.837689,0,0,0,0,198.693028,16.266605,84.966763,95.237595,24844,14670,15298,41388,16220,10256,0,4117,0,2698,0,5100,0,912,4440,0,0,0,11076,6302,0.498038,0.518551,0.450061,0,0,49.201284,0.623091,163.964812,141.029066,141.504746,56555,1.525533,0,0.532974,0.739656,0,1.522817,0,0.532644,0.425355,0,1.525011,0,0.534542,0.479817,0,1.523375,0,0.535834,0.488537,0,68.274861
24,0.863477,0.043582,0.043098,0.039659,0.064138,0.471482,0.414714,0.339813,0.570258,77.291772,58.081286,35.429171,91.951097,0.903496,0.792382,0.566969,0.819001,0,0,0,0,217.158329,16.601648,38.582123,134.913276,23849,14665,11031,48003,16220,10128,0,3937,0,2627,0,5735,0,1577,3231,0,0,0,7974,10021,0.499005,0.522908,0.452512,0,0,49.595743,0.631348,158.976139,139.063308,136.63049,56820,1.525551,0,0.538752,0.768246,0,1.522838,0,0.539899,0.420421,0,1.525022,0,0.539671,0.411155,0,1.523312,0,0.537765,0.538854,0,68.132686
24,0.850832,0.05271,0.034309,0.05857,0.045284,0.457738,0.33478,0.478215,0.468295,78.393386,40.80245,57.90076,56.715786,0.869074,0.711081,0.686355,0.836552,0,0,0,0,171.620798,13.339906,78.285074,76.013042,22027,12083,15962,41962,15492,8448,0,5091,0,2228,0,5260,0,792,4639,0,0,0,11538,5648,0.484578,0.503541,0.436549,0,0,47.59757,0.614582,157.025344,136.240539,136.796636,54857,1.525634,0,0.536718,0.703115,0,1.522807,0,0.536979,0.416887,0,1.525012,0,0.538962,0.472628,0,1.523456,0,0.53739,0.467153,0,61.096862
24,0.838526,0.048619,0.048446,0.039568,0.051301,0.405161,0.42423,0.376803,0.473202,64.893971,49.825709,35.40497,61.841116,0.850264,0.685378,0.582004,0.743758,0,0,0,0,155.887139,19.016006,34.966059,65.375134,22332,15154,12244,38655,13737,10566,0,5043,0,2768,0,4523,0,1181,3601,0,0,0,8956,6782,0.463436,0.485591,0.421078,0,0,45.486449,0.603957,158.958405,138.398296,134.529667,52918,1.525641,0,0.539297,0.685442,0,1.5229,0,0.536928,0.416756,0,1.525087,0,0.540507,0.393653,0,1.523415,0,0.53644,0.438892,0,54.807831
24,0.845974,0.049823,0.040721,0.04824,0.045225,0.516766,0.361681,0.426463,0.39511,118.878934,43.863869,42.701484,41.205147,0.885846,0.683197,0.625081,0.786119,0,0,0,0,207.579197,15.521357,60.044031,68.897749,24746,13169,14351,39270,16995,9232,0,2874,0,2412,0,4815,0,761,4200,0,0,0,10423,5871,0.473293,0.494198,0.430778,0,0,48.35535,0.586974,159.27844,144.346068,142.605148,54123,1.525551,0,0.536834,0.736606,0,1.522883,0,0.532365,0.413223,0,1.525133,0,0.534855,0.443478,0,1.523419,0,0.537998,0.457623,0,59.628391
24,0.840732,0.036383,0.042854,0.050674,0.047857,0.384396,0.410402,0.462036,0.431138,61.528512,55.018457,51.996716,48.290254,0.807548,0.654586,0.692602,0.814275,0,0,0,0,111.316906,18.515106,60.499109,63.192814,19423,14794,15440,37612,12735,10370,0,4951,0,2708,0,4265,0,1041,4524,0,0,0,11196,5543,0.468906,0.488281,0.42275,0,0,45.395436,0.60851,147.511852,136.684851,130.944259,53064,1.525619,0,0.537057,0.637544,0,1.522826,0,0.53431,0.407764,0,1.525129,0,0.539287,0.434851,0,1.523444,0,0.536707,0.42168,0,56.12688
24,0.854102,0.054644,0.045282,0.039329,0.053326,0.496572,0.439576,0.387311,0.436689,90.952683,59.840596,39.038182,48.929336,0.89104,0.713569,0.608257,0.80445,0,0,0,0,178.843205,17.977578,46.369425,77.31751,25752,15945,12954,41585,16378,11081,0,2361,0,2908,0,4687,0,1201,3787,0,0,0,9410,7710,0.490856,0.503673,0.442489,0,0,49.504324,0.599858,160.147399,144.349004,139.701629,55546,1.52561,0,0.533912,0.687989,0,1.522771,0,0.538127,0.410286,0,1.525014,0,0.53323,0.428901,0,1.523415,0,0.537644,0.463111,0,63.464568
24,0.854533,0.05193,0.045796,0.049794,0.037954,0.415525,0.453956,0.485583,0.403941,56.084442,57.783018,63.593345,35.496922,0.857915,0.69865,0.712471,0.840075,0,0,0,0,117.32397,19.776244,96.435844,58.105408,22816,16436,16442,38077,13959,11616,0,4098,0,3050,0,4410,0,887,4774,0,0,0,11891,5258,0.486322,0.505893,0.43697,0,0,47.050238,0.613866,156.029172,140.452045,139.205057,54915,1.52565,0,0.536153,0.589697,0,1.522759,0,0.532423,0.40621,0,1.524999,0,0.538338,0.490913,0,1.523452,0,0.536892,0.419947,0,64.509492
24,0.858898,0.04044,0.055027,0.037508,0.050479,0.419438,0.495,0.368755,0.495791,66.538341,90.883197,40.711976,57.61263,0.871035,0.761341,0.623813,0.793087,0,0,0,0,182.954976,22.318416,47.396267,69.750186,23549,17491,12490,44403,14108,12147,0,3947,0,3153,0,4956,0,1591,3649,0,0,0,9045,7917,0.495758,0.513618,0.446554,0,0,48.537407,0.61773,150.917047,143.460798,134.789697,56103,1.525598,0,0.536672,0.735437,0,1.522819,0,0.535777,0.448564,0,1.52504,0,0.535011,0.432729,0,1.523341,0,0.536742,0.43933,0,66.434592
24,0.855371,0.046863,0.049289,0.049363,0.044293,0.420598,0.514063,0.403711,0.417665,85.830787,76.790887,52.549583,45.002733,0.870574,0.71746,0.637212,0.793911,0,0,0,0,311.309807,22.986936,63.040436,85.195326,24757,18198,13265,40658,14504,12682,0,2877,0,3303,0,4379,0,1436,3849,0,0,0,9602,7179,0.488232,0.508795,0.441668,0,0,49.471735,0.595276,158.807579,144.973386,142.287556,55496,1.525577,0,0.536227,1.015412,0,1.522815,0,0.537886,0.436967,0,1.525146,0,0.538887,0.453591,0,1.523334,0,0.536055,0.472578,0,65.188039
24,0.862916,0.039142,0.048376,0.040126,0.064096,0.425446,0.431145,0.380342,0.558299,66.5422,57.772137,46.878083,76.986727,0.883936,0.749122,0.603616,0.816172,0,0,0,0,201.880734,16.659782,49.982941,92.652025,22449,15279,12735,44437,14260,10635,0,5580,0,2773,0,5167,0,1261,3712,0,0,0,9225,8259,0.494199,0.522134,0.449421,0,0,48.371216,0.630662,153.015213,136.45626,135.846489,56476,1.525655,0,0.533281,0.782469,0,1.52277,0,0.534634,0.410134,0,1.524985,0,0.532873,0.42233,0,1.523348,0,0.537196,0.471573,0,67.839611
24,0.841476,0.044392,0.043445,0.054996,0.045996,0.458933,0.360133,0.488281,0.393109,64.73917,49.598012,60.077344,41.017672,0.863806,0.654399,0.704011,0.804209,0,0,0,0,188.021598,16.429673,93.829209,55.322114,23999,13080,16128,36177,15629,9121,0,4084,0,2397,0,4536,0,929,4682,0,0,0,11625,4703,0.470211,0.490959,0.425365,0,0,46.860948,0.59386,152.723553,142.842555,140.99383,53443,1.525558,0,0.532918,0.705581,0,1.522889,0,0.533048,0.446173,0,1.525087,0,0.535401,0.49795,0,1.523434,0,0.533518,0.421171,0,56.488856
24,0.858293,0.049895,0.050267,0.039813,0.046727,0.469262,0.457483,0.42117,0.428993,83.21292,62.141078,54.630174,56.236266,0.884249,0.706262,0.66049,0.799696,0,0,0,0,294.450941,19.459579,62.140669,96.568476,24851,16484,14098,39981,15312,11464,0,3316,0,2998,0,4534,0,1352,4079,0,0,0,10206,6511,0.483788,0.506452,0.436215,0,0,48.807055,0.600169,159.850165,144.096893,141.15301,54767,1.525611,0,0.532884,0.801519,0,1.522812,0,0.534049,0.430279,0,1.525002,0,0.535689,0.460607,0,1.523398,0,0.533532,0.500435,0,66.087291
24,0.843009,0.050261,0.047678,0.037726,0.059018,0.373356,0.456598,0.447672,0.429469,48.234856,74.404584,71.206268,49.111138,0.829846,0.666701,0.682723,0.808518,0,0,0,0,98.238602,20.731477,99.280948,60.418722,20778,16376,15137,37174,12829,11489,0,4736,0,2997,0,4133,0,1133,4389,0,0,0,10930,5754,0.470651,0.494829,0.428358,0,0,45.926275,0.607046,153.482994,133.467433,134.023759,53816,1.525674,0,0.535308,0.574644,0,1.522835,0,0.536001,0.435678,0,1.525009,0,0.535801,0.542738,0,1.523453,0,0.533924,0.431409,0,57.041752
24,0.848906,0.048567,0.044339,0.049787,0.048768,0.484125,0.416254,0.395209,0.423364,75.07065,53.752526,37.883844,52.80821,0.885439,0.698586,0.609864,0.779028,0,0,0,0,211.245239,17.866861,43.593255,66.584128,25472,15057,13187,38242,16266,10493,0,2813,0,2759,0,4666,0,1080,3876,0,0,0,9639,6753,0.472449,0.494981,0.427124,0,0,48.295612,0.582401,160.295755,141.372537,141.465953,53677,1.525634,0,0.533571,0.701672,0,1.522846,0,0.535148,0.420712,0,1.525138,0,0.535501,0.418935,0,1.523379,0,0.534336,0.452752,0,60.1352
24,0.85209,0.048076,0.04159,0.044782,0.049851,0.450425,0.443495,0.353446,0.491972,80.771212,53.052349,38.189739,79.498592,0.882841,0.713387,0.587881,0.772406,0,0,0,0,269.698096,18.235259,48.250041,80.923949,24868,15890,11910,41534,15332,11007,0,3634,0,2879,0,4709,0,1440,3478,0,0,0,8663,7906,0.481518,0.497057,0.433697,0,0,48.126074,0.600748,152.146327,142.133633,138.661846,54510,1.525553,0,0.533528,0.873901,0,1.522849,0,0.535575,0.404386,0,1.52514,0,0.535531,0.444057,0,1.52337,0,0.537034,0.467713,0,62.069272
24,0.838244,0.048426,0.04453,0.048586,0.046616,0.429138,0.430603,0.409403,0.401269,63.178789,60.971039,51.787146,38.954053,0.840729,0.640706,0.649321,0.777973,0,0,0,0,118.343037,18.412598,66.404201,51.070196,22647,15008,13701,37117,14623,10426,0,3472,0,2746,0,4089,0,1343,4001,0,0,0,9948,6312,0.467171,0.479658,0.418763,0,0,46.640319,0.585897,154.228409,141.285182,139.490131,52563,1.525608,0,0.533465,0.605813,0,1.52289,0,0.533318,0.423234,0,1.525119,0,0.535206,0.470776,0,1.523479,0,0.535911,0.430294,0,55.575631
24,0.850999,0.047534,0.040654,0.044349,0.05462,0.416868,0.384291,0.441262,0.500754,71.11993,56.557826,54.690021,60.768489,0.834689,0.716877,0.659411,0.85207,0,0,0,0,126.9237,16.575646,69.436094,73.505874,19629,13979,15024,43452,13800,9844,0,4949,0,2564,0,5023,0,873,4385,0,0,0,10864,6950,0.482691,0.505297,0.435441,0,0,45.942913,0.629534,152.402809,137.338639,133.163417,54721,1.525644,0,0.533935,0.64424,0,1.522848,0,0.537302,0.422269,0,1.525079,0,0.535375,0.477507,0,1.523328,0,0.535359,0.439818,0,63.083004
24,0.850512,0.037824,0.050538,0.045225,0.042799,0.396248,0.441403,0.463664,0.429027,67.108348,63.990015,61.894594,52.766089,0.834171,0.695859,0.697663,0.821929,0,0,0,0,152.58236,18.649359,99.4842,79.411826,20565,15936,15687,38676,13081,11265,0,4732,0,2936,0,4483,0,1045,4560,0,0,0,11327,5562,0.47794,0.504605,0.43736,0,0,47.042812,0.610541,151.184366,139.189003,136.415091,54941,1.525565,0,0.535972,0.684562,0,1.522872,0,0.535677,0.421776,0,1.525099,0,0.533009,0.511628,0,1.523322,0,0.534742,0.464082,0,61.71353
24,0.866942,0.044686,0.049997,0.049246,0.053359,0.407653,0.438051,0.451352,0.515981,72.978932,65.861803,64.975168,70.838524,0.862864,0.728626,0.689453,0.860343,0,0,0,0,150.819367,18.189311,71.793115,81.879134,21243,15771,15429,44096,13323,11019,0,5759,0,2875,0,4868,0,1064,4486,0,0,0,11112,6825,0.496728,0.520824,0.448636,0,0,47.366197,0.638107,152.407108,136.501431,137.738522,56315,1.52557,0,0.53146,0.610786,0,1.522778,0,0.533041,0.422433,0,1.525037,0,0.533444,0.476584,0,1.523338,0,0.535229,0.454505,0,70.259008
24,0.850654,0.045783,0.039703,0.047771,0.043377,0.414699,0.411395,0.4552,0.456615,68.500617,61.799387,53.367301,58.182571,0.831893,0.695966,0.67967,0.828079,0,0,0,0,105.636074,17.512488,72.639841,71.82421,20650,14636,15459,38440,13459,10257,0,4979,0,2693,0,4698,0,944,4490,0,0,0,11166,5935,0.477233,0.502993,0.435586,0,0,45.855419,0.615894,160.256084,135.94311,134.033705,54725,1.525607,0,0.536329,0.578792,0,1.522869,0,0.536449,0.424874,0,1.525105,0,0.53689,0.450856,0,1.523322,0,0.535899,0.447061,0,60.621074
24,0.863229,0.056617,0.043629,0.058312,0.040563,0.490691,0.355935,0.533156,0.41542,104.500652,43.981139,66.945274,52.687179,0.884706,0.739203,0.745343,0.880219,0,0,0,0,221.308827,13.832306,94.093109,127.936259,22558,13030,17888,44159,16260,9154,0,3973,0,2390,0,5405,0,648,5176,0,0,0,12900,4912,0.497675,0.515997,0.449026,0,0,47.884272,0.623127,153.321869,138.934833,138.396853,56431,1.525562,0,0.539355,0.771576,0,1.522899,0,0.540644,0.391162,0,1.524998,0,0.537066,0.485103,0,1.523323,0,0.536922,0.555697,0,71.339937
24,0.868075,0.042935,0.04773,0.056894,0.051792,0.477272,0.418187,0.484539,0.437109,75.999619,56.008581,56.470665,50.790007,0.909234,0.767404,0.711543,0.847661,0,0,0,0,177.015891,16.819389,81.127099,81.03298,24872,15273,16148,45580,16026,10652,0,3997,0,2788,0,5341,0,1012,4685,0,0,0,11652,5772,0.501793,0.526864,0.454215,0,0,49.758415,0.625734,159.744066,141.980748,138.933542,57069,1.525548,0,0.535652,0.702919,0,1.522773,0,0.533983,0.414279,0,1.525036,0,0.538132,0.45492,0,1.523324,0,0.536722,0.461358,0,74.580608
24,0.851997,0.048748,0.042566,0.051178,0.050043,0.379607,0.425643,0.521099,0.417743,58.698694,62.152144,81.108793,58.616387,0.821763,0.665598,0.748587,0.850154,0,0,0,0,130.932017,17.8895,111.682177,54.027859,19625,15427,17626,38460,12308,10877,0,5710,0,2849,0,4252,0,794,5107,0,0,0,12713,4404,0.479817,0.503083,0.433508,0,0,44.882164,0.619879,146.294858,138.87595,133.456343,54486,1.525613,0,0.537524,0.615861,0,1.522821,0,0.538242,0.416887,0,1.525016,0,0.535163,0.534306,0,1.523446,0,0.539392,0.434896,0,61.629421
24,0.852185,0.037951,0.048157,0.050351,0.050403,0.435952,0.37199,0.470138,0.460388,78.97971,46.868246,72.50893,54.435825,0.835023,0.684017,0.689546,0.851129,0,0,0,0,170.91917,15.46614,107.702474,79.221661,22263,13418,15863,39832,14332,9382,0,4590,0,2458,0,4784,0,911,4587,0,0,0,11423,6174,0.478542,0.499773,0.432611,0,0,46.198438,0.610994,159.572506,141.302312,137.826181,54370,1.52555,0,0.536151,0.708048,0,1.522907,0,0.535743,0.420037,0,1.525099,0,0.536156,0.550591,0,1.52335,0,0.534362,0.450148,0,62.05241
24,0.858415,0.049417,0.055787,0.041348,0.046523,0.515921,0.45561,0.403376,0.402898,89.149072,63.028005,37.869604,44.880784,0.932215,0.727949,0.622561,0.79901,0,0,0,0,373.419619,19.627967,44.330793,110.186935,28601,16336,13386,40027,17656,11290,0,1976,0,2982,0,4768,0,1179,3908,0,0,0,9758,7096,0.490044,0.514296,0.443045,0,0,51.810785,0.588112,166.904094,148.991797,144.632829,55684,1.525549,0,0.534584,0.969396,0,1.522857,0,0.533403,0.431559,0,1.524983,0,0.5364,0.415029,0,1.523407,0,0.538388,0.53355,0,65.822577
24,0.845997,0.051811,0.051888,0.039906,0.043185,0.482525,0.435714,0.388354,0.40771,91.198722,67.195883,48.489141,44.037242,0.879487,0.678523,0.602627,0.777763,0,0,0,0,217.157193,19.551191,50.565891,68.832949,25068,15680,12756,37218,16044,10936,0,2509,0,2867,0,4368,0,1252,3710,0,0,0,9274,7215,0.472038,0.493992,0.428094,0,0,48.466753,0.582236,165.533804,147.376258,142.311492,53759,1.525643,0,0.536702,0.771523,0,1.5229,0,0.536657,0.436827,0,1.52506,0,0.538537,0.461507,0,1.523332,0,0.534312,0.451774,0,58.979712
24,0.856821,0.040232,0.052305,0.047716,0.055905,0.378306,0.48422,0.445344,0.470015,57.304747,73.283163,67.891458,55.113296,0.862775,0.701931,0.676952,0.833788,0,0,0,0,156.149007,19.159507,85.319038,81.50983,19851,17374,14810,41387,13038,12212,0,5124,0,3183,0,4325,0,1200,4302,0,0,0,10712,6692,0.492278,0.514958,0.442613,0,0,47.17897,0.628647,148.483694,139.013523,132.784975,55611,1.525562,0,0.536666,0.680571,0,1.522832,0,0.533859,0.409343,0,1.525025,0,0.534067,0.513384,0,1.523356,0,0.538333,0.440394,0,66.400345
24,0.849797,0.053174,0.038535,0.048153,0.045441,0.506772,0.34835,0.471395,0.401702,106.727917,37.007698,56.03819,42.50126,0.896071,0.723089,0.672802,0.826661,0,0,0,0,249.376949,14.019409,72.043592,89.702751,25511,12787,15580,41767,17515,8928,0,2799,0,2345,0,5280,0,767,4553,0,0,0,11320,5689,0.48194,0.498602,0.43328,0,0,48.635686,0.593101,155.245064,143.37341,142.867071,54424,1.525564,0,0.533128,0.820866,0,1.522924,0,0.53399,0.409465,0,1.525099,0,0.536239,0.459485,0,1.523375,0,0.535547,0.493695,0,61.488548
24,0.864397,0.038617,0.050575,0.048737,0.052184,0.416927,0.40977,0.474318,0.502758,61.219825,62.936939,58.376236,82.718662,0.88037,0.728072,0.6938,0.862608,0,0,0,0,113.443304,16.957085,72.643463,93.36776,22024,14993,16010,42272,14379,10526,0,5358,0,2722,0,4998,0,875,4642,0,0,0,11560,6277,0.496201,0.522878,0.452185,0,0,48.007276,0.639415,156.228461,134.659222,136.160029,56803,1.525589,0,0.538978,0.598145,0,1.522778,0,0.53804,0.425196,0,1.525015,0,0.540432,0.454652,0,1.52335,0,0.538899,0.491665,0,68.890866
24,0.845322,0.036239,0.058564,0.043318,0.05428,0.378367,0.460291,0.378358,0.494596,66.357983,57.682234,40.204384,60.557937,0.843671,0.684945,0.604237,0.789919,0,0,0,0,147.594876,19.299188,64.499302,77.953493,20548,16414,12877,38756,13076,11500,0,4921,0,3000,0,4314,0,1218,3744,0,0,0,9311,7470,0.472693,0.499862,0.431223,0,0,46.682618,0.613161,146.748519,136.922357,134.371904,54173,1.525614,0,0.534387,0.733431,0,1.522873,0,0.534825,0.405898,0,1.525083,0,0.533926,0.460334,0,1.523383,0,0.536822,0.447457,0,59.371044
24,0.863953,0.034017,0.056221,0.043043,0.057718,0.401322,0.48963,0.43461,0.481369,59.150422,65.935957,52.817418,60.682308,0.867837,0.748996,0.691825,0.820663,0,0,0,0,142.731692,19.502075,90.309506,93.081522,22951,17241,14693,45512,13317,11956,0,5147,0,3110,0,4868,0,1456,4247,0,0,0,10562,6565,0.500474,0.513558,0.448318,0,0,47.464026,0.642204,157.300986,138.070229,133.718735,56284,1.525591,0,0.537918,0.622715,0,1.522807,0,0.534483,0.411194,0,1.524973,0,0.53524,0.504795,0,1.523368,0,0.53523,0.468648,0,68.551873
24,0.850463,0.061826,0.052549,0.041223,0.038169,0.457239,0.46446,0.448217,0.371548,74.068331,67.400274,52.046706,40.175738,0.886257,0.658162,0.684526,0.801572,0,0,0,0,185.058647,20.297791,64.366851,65.034273,25275,16603,15065,36077,15370,11554,0,3226,0,3055,0,3995,0,1161,4386,0,0,0,10962,5539,0.480588,0.504097,0.434483,0,0,48.93029,0.59638,163.566977,145.392997,143.838498,54577,1.525635,0,0.53728,0.732151,0,1.522843,0,0.537552,0.436016,0,1.52505,0,0.53736,0.456202,0,1.523322,0,0.535713,0.450875,0,61.125492
24,0.846419,0.049464,0.048193,0.042573,0.044239,0.460761,0.403661,0.398845,0.453043,78.095675,55.486229,37.737126,52.762207,0.879055,0.694187,0.610263,0.796765,0,0,0,0,162.742963,16.630032,40.328141,68.503289,23928,14447,13265,40338,15849,10073,0,3542,0,2660,0,4707,0,1046,3903,0,0,0,9675,7157,0.473429,0.496556,0.428058,0,0,47.018934,0.600112,161.652574,138.938518,140.529667,53749,1.525673,0,0.53682,0.666606,0,1.522857,0,0.534029,0.417852,0,1.525055,0,0.535941,0.412781,0,1.523353,0,0.536009,0.433897,0,60.268088
24,0.844751,0.043773,0.040678,0.046231,0.061238,0.421288,0.451401,0.380932,0.4601,60.156235,76.290599,38.862696,55.796728,0.865289,0.695875,0.609196,0.776895,0,0,0,0,152.866871,21.416237,46.466105,74.242776,23502,16112,12600,40359,14562,11164,0,3916,0,2919,0,4498,0,1383,3674,0,0,0,9154,7354,0.478192,0.492122,0.428733,0,0,48.158681,0.600741,152.620347,141.570013,138.843905,53822,1.525696,0,0.536898,0.678563,0,1.522747,0,0.534577,0.439363,0,1.525091,0,0.53477,0.433147,0,1.523421,0,0.534812,0.457153,0,58.909632
24,0.845935,0.056483,0.04157,0.053978,0.030001,0.466573,0.399216,0.449887,0.395249,67.800253,65.21468,53.361234,40.576836,0.859559,0.635211,0.684728,0.830116,0,0,0,0,183.479488,18.229646,69.744574,60.389816,23883,13928,15103,34280,15813,9678,0,3151,0,2552,0,4205,0,1148,4395,0,0,0,10931,6302,0.472737,0.496753,0.426099,0,0,47.83285,0.592087,149.892587,143.02833,141.791556,53533,1.525635,0,0.534523,0.693169,0,1.522835,0,0.535276,0.440602,0,1.525137,0,0.533366,0.45745,0,1.52336,0,0.538345,0.436433,0,58.564927
24,0.847093,0.039493,0.043066,0.046659,0.056711,0.442264,0.407078,0.417022,0.458156,79.174075,52.478028,57.429441,53.236026,0.850985,0.683777,0.63634,0.8296,0,0,0,0,147.521458,17.885575,63.935779,62.705905,23644,14676,13859,39961,15054,10230,0,3431,0,2672,0,4591,0,1165,4021,0,0,0,10015,7528,0.477228,0.498803,0.430581,0,0,46.50711,0.599889,153.566476,141.790862,138.623762,54119,1.525553,0,0.538441,0.676323,0,1.522811,0,0.535637,0.395225,0,1.525105,0,0.536737,0.476435,0,1.523444,0,0.53583,0.444564,0,59.654809
24,0.864321,0.050264,0.056468,0.039834,0.046971,0.521788,0.472188,0.36851,0.44438,81.439745,64.328107,46.972964,60.271847,0.923333,0.747292,0.606296,0.826911,0,0,0,0,453.137261,19.68127,51.557891,118.48951,27936,16698,12212,43025,17678,11524,0,1373,0,3018,0,4933,0,1542,3548,0,0,0,8839,9050,0.499112,0.520469,0.447954,0,0,51.575683,0.592847,167.54604,150.602113,142.317514,56273,1.525569,0,0.53748,1.076208,0,1.522787,0,0.536038,0.419128,0,1.525043,0,0.533116,0.470102,0,1.52336,0,0.533693,0.51647,0,69.429051
24,0.846978,0.039371,0.04613,0.047455,0.047855,0.399275,0.437497,0.422517,0.471125,62.854306,69.806145,45.217556,63.111732,0.851946,0.693348,0.64196,0.796146,0,0,0,0,121.590229,18.104764,51.148858,63.807578,21562,15850,13936,39604,13397,11093,0,5144,0,2911,0,4477,0,1113,4096,0,0,0,10178,6457,0.484248,0.495514,0.431962,0,0,47.636167,0.611283,152.661634,139.300972,134.678852,54244,1.525661,0,0.534971,0.644936,0,1.522751,0,0.533548,0.427909,0,1.525089,0,0.537598,0.413048,0,1.523377,0,0.537324,0.443657,0,60.280557
24,0.848563,0.048812,0.049592,0.036791,0.054914,0.44885,0.442409,0.377391,0.463378,81.665742,61.043439,37.976774,57.711696,0.877779,0.707899,0.61289,0.782454,0,0,0,0,299.847854,19.835677,44.277816,77.387368,24104,15919,12792,40828,15136,11062,0,3666,0,2902,0,4634,0,1325,3740,0,0,0,9300,7299,0.484832,0.497012,0.434115,0,0,48.541905,0.60125,153.381082,144.872682,137.601183,54537,1.525587,0,0.538248,0.945773,0,1.522802,0,0.531593,0.431086,0,1.525086,0,0.535934,0.421307,0,1.523444,0,0.53778,0.449813,0,60.934619
24,0.850631,0.043071,0.045676,0.043632,0.046307,0.394959,0.438278,0.476245,0.424482,56.08946,71.203316,59.52956,53.668728,0.831685,0.699827,0.698779,0.848569,0,0,0,0,111.662555,18.72315,83.730931,66.329825,21961,15868,15943,39228,13547,11191,0,4014,0,2928,0,4530,0,930,4642,0,0,0,11553,5930,0.479371,0.504408,0.435449,0,0,46.322677,0.616677,149.615534,135.495185,132.52171,54735,1.525583,0,0.53571,0.602434,0,1.522814,0,0.536693,0.423729,0,1.52509,0,0.534708,0.488528,0,1.523395,0,0.534099,0.447092,0,61.02
24,0.853646,0.05781,0.050133,0.038195,0.038741,0.498195,0.452853,0.429035,0.367284,92.687631,62.909216,46.82883,41.548742,0.903761,0.644004,0.66732,0.824646,0,0,0,0,318.292029,18.578525,55.148996,54.872727,27427,16477,14585,37195,16904,11467,0,1763,0,3015,0,3884,0,1167,4253,0,0,0,10571,6651,0.48459,0.502838,0.434959,0,0,49.914514,0.578829,163.338019,142.584206,144.23392,54678,1.52557,0,0.537467,0.881502,0,1.522813,0,0.53465,0.414477,0,1.525026,0,0.53414,0.448165,0,1.52342,0,0.533692,0.438367,0,63.65307
24,0.87032,0.040426,0.053003,0.055312,0.039726,0.409361,0.489133,0.568766,0.365787,68.2123,83.715988,112.95698,43.608948,0.875991,0.725286,0.804276,0.867716,0,0,0,0,124.880621,21.966879,203.573643,129.840301,22918,18324,19484,40426,13110,12893,0,4958,0,3351,0,4415,0,657,5614,0,0,0,14042,3051,0.511312,0.524422,0.458642,0,0,48.455481,0.628838,158.273772,138.385287,139.19952,57610,1.525564,0,0.53687,0.623081,0,1.522779,0,0.536145,0.429233,0,1.524999,0,0.536549,0.663593,0,1.523312,0,0.536333,0.583779,0,73.431979
24,0.851388,0.038741,0.062198,0.047611,0.043751,0.395279,0.535001,0.416816,0.392707,50.871631,81.400399,55.258397,38.11115,0.847569,0.669871,0.666619,0.807483,0,0,0,0,132.123557,23.685628,80.593305,49.368463,24697,19351,13978,36874,13354,13511,0,2896,0,3533,0,3691,0,1441,4068,0,0,0,10136,6804,0.485333,0.50249,0.437252,0,0,48.566167,0.607323,149.830157,141.977016,139.040769,54896,1.525571,0,0.536267,0.643285,0,1.522815,0,0.537522,0.429967,0,1.52502,0,0.536494,0.507453,0,1.523458,0,0.536458,0.414639,0,61.583288
24,0.84189,0.049935,0.046148,0.036879,0.056426,0.449772,0.390653,0.397808,0.459336,73.338321,49.650531,42.536881,47.123694,0.854461,0.715514,0.617974,0.797135,0,0,0,0,174.819102,16.206777,56.173693,75.249145,23255,13992,13131,42873,15528,9702,0,3340,0,2562,0,5012,0,1239,3834,0,0,0,9507,7394,0.468583,0.493582,0.425603,0,0,46.385053,0.597439,150.512674,136.867468,135.080791,53488,1.525589,0,0.53491,0.69686,0,1.522819,0,0.538728,0.40646,0,1.525128,0,0.5373,0.441618,0,1.52346,0,0.536664,0.442038,0,57.41401
24,0.838517,0.048565,0.04038,0.042519,0.049112,0.441709,0.363537,0.426434,0.443471,71.945637,49.578868,48.589496,45.21673,0.847039,0.661754,0.644786,0.79565,0,0,0,0,156.857787,16.022128,70.455273,68.990197,21911,12879,14500,38931,14944,8985,0,4531,0,2382,0,4623,0,940,4231,0,0,0,10508,6001,0.463206,0.48337,0.418236,0,0,45.29719,0.600837,150.485828,138.514493,134.682114,52550,1.525644,0,0.53841,0.697143,0,1.522906,0,0.536389,0.423672,0,1.525091,0,0.535483,0.45867,0,1.523451,0,0.537054,0.429654,0,54.262474
24,0.858667,0.045807,0.044988,0.041622,0.050613,0.424699,0.423063,0.459074,0.461465,69.793704,61.783512,53.743496,56.443756,0.864965,0.732136,0.703294,0.83557,0,0,0,0,123.440809,18.28518,61.9974,76.839751,22908,15178,15660,43082,14260,10583,0,4856,0,2764,0,5003,0,1133,4545,0,0,0,11317,5923,0.494674,0.509304,0.444086,0,0,48.566908,0.629362,156.197161,138.074217,138.050368,55822,1.525646,0,0.53982,0.646302,0,1.522801,0,0.53931,0.422281,0,1.525026,0,0.537539,0.436771,0,1.523352,0,0.537725,0.45785,0,65.878033
24,0.84996,0.060124,0.036382,0.048881,0.050355,0.488878,0.374901,0.452034,0.418851,79.802324,49.712628,60.99774,47.878146,0.888528,0.684703,0.682811,0.825963,0,0,0,0,168.295324,16.316726,82.00603,63.500005,24756,13535,15248,37982,16493,9423,0,3550,0,2479,0,4772,0,1050,4445,0,0,0,11046,6043,0.480845,0.504621,0.43597,0,0,47.880567,0.599533,158.675391,143.854365,142.378573,54796,1.525696,0,0.535192,0.679192,0,1.522831,0,0.535208,0.429105,0,1.524978,0,0.535469,0.498286,0,1.523362,0,0.535301,0.444414,0,61.320498
24,0.849047,0.035434,0.05638,0.048643,0.056044,0.377944,0.471055,0.421104,0.449192,53.021926,75.279392,55.21485,67.513754,0.846205,0.653489,0.651734,0.779211,0,0,0,0,113.242089,20.899023,59.996171,58.837547,20663,16864,13831,37048,12650,11810,0,5378,0,3085,0,3921,0,1325,4032,0,0,0,10035,6225,0.480259,0.492791,0.432808,0,0,46.362914,0.615155,154.885148,140.01806,136.643551,54344,1.525628,0,0.533203,0.603805,0,1.522882,0,0.536734,0.440844,0,1.52508,0,0.534692,0.456919,0,1.523344,0,0.534684,0.446886,0,60.327916
24,0.847258,0.045617,0.058113,0.054305,0.037235,0.431338,0.460723,0.396476,0.432306,69.498083,60.534485,41.142195,51.116207,0.864555,0.677818,0.614721,0.7961,0,0,0,0,174.114996,19.905865,45.450603,59.89337,23727,16668,13238,37229,14645,11724,0,3265,0,3092,0,4162,0,1106,3896,0,0,0,9649,7173,0.474857,0.495131,0.427191,0,0,47.272098,0.595577,154.456942,138.953219,139.231307,53676,1.525542,0,0.536911,0.68108,0,1.522913,0,0.534419,0.431762,0,1.525139,0,0.536169,0.422317,0,1.52334,0,0.533271,0.421445,0,59.181529
24,0.850913,0.039799,0.061141,0.044906,0.043313,0.409409,0.464624,0.45111,0.409028,61.707809,61.467201,48.703737,46.295785,0.852326,0.681978,0.674498,0.813972,0,0,0,0,138.163445,20.589336,63.002871,66.959306,22337,16900,15106,37485,13746,11904,0,3932,0,3104,0,4193,0,998,4417,0,0,0,10971,5839,0.480428,0.499182,0.43262,0,0,47.743462,0.606026,148.338766,144.077891,138.106678,54309,1.525613,0,0.539327,0.64216,0,1.522908,0,0.535951,0.421165,0,1.525032,0,0.538716,0.450993,0,1.523405,0,0.535951,0.43752,0,62.385331
24,0.849338,0.04638,0.050248,0.046235,0.047474,0.450147,0.465284,0.366563,0.442232,68.37148,66.125284,34.958779,53.162788,0.874793,0.684595,0.588057,0.776452,0,0,0,0,211.490156,19.530489,43.700032,64.10181,24805,16630,12266,38849,15188,11599,0,2989,0,3037,0,4278,0,1275,3587,0,0,0,8960,7607,0.476217,0.495406,0.432337,0,0,48.127784,0.60036,158.56884,140.69089,137.889313,54350,1.525564,0,0.535708,0.754767,0,1.522869,0,0.538202,0.41862,0,1.525109,0,0.537532,0.415767,0,1.523359,0,0.536599,0.439929,0,60.057046
24,0.856018,0.045808,0.044048,0.05451,0.044807,0.433554,0.470408,0.430932,0.431045,73.405254,73.321946,49.513267,54.626804,0.877029,0.735735,0.665203,0.807494,0,0,0,0,189.630947,21.76355,59.518902,73.135446,25132,16925,14642,40685,14762,11760,0,3569,0,3076,0,4764,0,1124,4264,0,0,0,10628,6140,0.491099,0.508814,0.443033,0,0,48.821138,0.604477,158.879796,141.844469,136.571315,55673,1.525557,0,0.533255,0.74974,0,1.522814,0,0.534464,0.434356,0,1.525087,0,0.534686,0.436632,0,1.523327,0,0.531206,0.457429,0,63.842933
24,0.85859,0.04998,0.055286,0.045903,0.040089,0.452837,0.580127,0.368303,0.373046,77.012959,104.980092,37.666625,36.902988,0.91447,0.713063,0.629021,0.757018,0,0,0,0,315.501335,26.768391,42.550144,68.806305,28747,20978,12465,39207,15224,14527,0,1968,0,3790,0,3904,0,1659,3644,0,0,0,9085,6945,0.493323,0.516111,0.444315,0,0,51.968662,0.588125,160.849161,145.334224,148.087469,55835,1.525534,0,0.535597,0.94797,0,1.522761,0,0.537863,0.45589,0,1.525039,0,0.538771,0.429729,0,1.523491,0,0.540418,0.455279,0,66.08784
24,0.848097,0.054304,0.050168,0.049234,0.037182,0.459914,0.448593,0.481532,0.346102,71.510817,66.137286,60.058337,40.002588,0.866897,0.620044,0.704199,0.82316,0,0,0,0,185.294211,19.660005,71.008689,47.178769,24144,16184,16120,30938,15151,11397,0,2904,0,2998,0,3655,0,905,4699,0,0,0,11724,5052,0.478761,0.491301,0.429536,0,0,48.18539,0.586409,157.00661,146.607127,141.991739,53979,1.525642,0,0.535659,0.651365,0,1.522818,0,0.533732,0.431884,0,1.525015,0,0.534184,0.463729,0,1.523413,0,0.535573,0.43186,0,59.69385
24,0.868463,0.058452,0.047145,0.03884,0.055505,0.416215,0.459445,0.355996,0.580077,77.388225,81.724222,40.421909,93.910987,0.873539,0.7757,0.584237,0.819327,0,0,0,0,129.147983,19.493119,49.541021,91.916652,22037,16290,11951,47476,13534,11357,0,5586,0,2948,0,5283,0,1380,3488,0,0,0,8650,9113,0.503601,0.526324,0.457073,0,0,48.112797,0.642166,151.37675,138.573913,133.351126,57444,1.525591,0,0.535548,0.628911,0,1.522778,0,0.537231,0.433686,0,1.525002,0,0.538983,0.437137,0,1.523317,0,0.536306,0.474352,0,70.333419
24,0.858604,0.051889,0.046171,0.048643,0.036934,0.50985,0.426993,0.461893,0.361382,97.991173,61.88866,62.634069,37.379299,0.889604,0.640862,0.688954,0.816127,0,0,0,0,409.150529,17.604293,76.920192,56.757573,24829,15439,15718,34772,16007,10799,0,3097,0,2857,0,3993,0,925,4573,0,0,0,11388,5329,0.474146,0.501493,0.432456,0,0,48.797151,0.581721,160.266866,145.048434,142.765085,54331,1.525545,0,0.533022,0.878347,0,1.522806,0,0.536742,0.43261,0,1.525019,0,0.537827,0.479698,0,1.523494,0,0.533498,0.443527,0,65.750437
24,0.857771,0.049675,0.048627,0.037659,0.053109,0.465176,0.455236,0.395093,0.456522,77.949433,64.429383,43.777515,51.100882,0.902386,0.728256,0.634146,0.806296,0,0,0,0,210.995389,18.758844,57.382803,83.867364,25668,16082,13369,42250,16074,11169,0,3194,0,2902,0,4842,0,1335,3893,0,0,0,9681,7388,0.492268,0.509015,0.441509,0,0,49.720848,0.609033,156.601227,145.536616,143.304656,55485,1.525604,0,0.531942,0.76532,0,1.5228,0,0.533793,0.428419,0,1.525045,0,0.533218,0.455288,0,1.523369,0,0.53559,0.459251,0,64.206338
24,0.849363,0.045426,0.046399,0.046742,0.041997,0.435405,0.527158,0.402575,0.364584,68.010756,74.763248,48.056601,41.281536,0.87469,0.662027,0.652307,0.776765,0,0,0,0,209.416012,23.799462,58.663512,51.656943,25484,18591,13303,33489,15046,12914,0,2037,0,3392,0,3736,0,1552,3888,0,0,0,9675,6645,0.481639,0.497759,0.434415,0,0,49.778211,0.573663,158.969826,145.560666,143.616102,54531,1.525621,0,0.532499,0.765965,0,1.522823,0,0.532197,0.425492,0,1.525133,0,0.536698,0.467637,0,1.523362,0,0.534141,0.432168,0,61.122702
24,0.840835,0.049748,0.047703,0.047832,0.037486,0.435993,0.409033,0.497098,0.339127,68.344265,50.56579,60.946139,31.345438,0.825449,0.614242,0.732492,0.813463,0,0,0,0,128.29032,17.518991,89.588294,43.802777,22665,14850,16759,32657,14238,10412,0,3432,0,2752,0,3815,0,968,4870,0,0,0,12109,4283,0.45912,0.489817,0.424132,0,0,46.723427,0.580704,158.698515,139.106743,138.849734,53304,1.52568,0,0.535964,0.604304,0,1.522875,0,0.534361,0.412996,0,1.525026,0,0.535321,0.476685,0,1.523458,0,0.536928,0.417326,0,55.484266
24,0.84056,0.038741,0.041451,0.04484,0.051504,0.380308,0.411651,0.431921,0.458666,55.932734,47.47616,58.55778,54.514415,0.815341,0.681951,0.66304,0.797295,0,0,0,0,108.902171,16.292598,77.475526,64.353026,21078,14745,14591,40028,12920,10320,0,5040,0,2717,0,4534,0,1143,4235,0,0,0,10546,5987,0.466922,0.486342,0.423815,0,0,45.529691,0.607465,152.559954,135.992616,132.244629,53247,1.525649,0,0.535835,0.632422,0,1.522916,0,0.534081,0.402901,0,1.525063,0,0.535039,0.483527,0,1.523418,0,0.536651,0.436104,0,56.039437
24,0.869893,0.047691,0.058396,0.039641,0.041739,0.470491,0.539575,0.387008,0.432255,82.184055,83.475808,62.37842,45.181409,0.912975,0.71546,0.650137,0.803677,0,0,0,0,299.532032,24.009528,72.723964,94.576689,27293,19329,12944,39744,15189,13345,0,3004,0,3511,0,4173,0,1698,3777,0,0,0,9413,7687,0.502155,0.525572,0.454049,0,0,51.242393,0.606074,162.844462,144.872424,144.7434,57019,1.525569,0,0.538419,0.855003,0,1.522786,0,0.535865,0.43369,0,1.524993,0,0.535059,0.516522,0,1.523309,0,0.536429,0.483744,0,74.107858
24,0.854436,0.04903,0.046694,0.051696,0.040324,0.486927,0.386869,0.496258,0.392515,83.756037,50.806139,79.202004,50.029438,0.873628,0.708232,0.695343,0.833407,0,0,0,0,219.809078,15.850388,112.630444,94.703058,24027,13831,15982,40988,16368,9681,0,2906,0,2522,0,4973,0,895,4640,0,0,0,11533,5573,0.480829,0.50348,0.438226,0,0,48.61899,0.596693,152.186521,143.110364,142.081751,55048,1.525528,0,0.536986,0.75968,0,1.522841,0,0.536687,0.417795,0,1.525054,0,0.537062,0.471721,0,1.523393,0,0.537359,0.51346,0,63.835244
24,0.853839,0.042891,0.054031,0.049417,0.045962,0.42939,0.457797,0.425097,0.448549,63.9984,64.754216,47.037994,58.890699,0.877164,0.729426,0.637605,0.811457,0,0,0,0,143.115753,21.294748,54.429364,70.043057,22865,16364,14377,41156,14440,11520,0,4256,0,2997,0,4770,0,919,4191,0,0,0,10455,6476,0.486443,0.510689,0.441441,0,0,47.844886,0.617908,155.096091,140.084669,137.192913,55469,1.525543,0,0.535743,0.661523,0,1.522875,0,0.534241,0.430367,0,1.52507,0,0.53435,0.426055,0,1.523335,0,0.535706,0.447333,0,64.583041
24,0.850838,0.042395,0.053776,0.05025,0.041311,0.368593,0.482149,0.49274,0.397091,45.098559,88.40943,57.62475,46.284691,0.841959,0.673229,0.729695,0.823653,0,0,0,0,100.397405,20.958372,88.715942,69.947395,20880,17600,16609,39120,12557,12364,0,4852,0,3223,0,3998,0,1007,4824,0,0,0,12020,4664,0.483805,0.502549,0.433657,0,0,47.262257,0.615729,155.062472,137.937675,135.772788,54514,1.525649,0,0.53588,0.591268,0,1.522755,0,0.537144,0.450399,0,1.525106,0,0.535033,0.483204,0,1.523336,0,0.535851,0.442534,0,61.96785
24,0.865081,0.06002,0.047409,0.046608,0.039465,0.51557,0.435736,0.476256,0.38691,80.649869,65.453949,63.628227,47.07199,0.919562,0.731587,0.697502,0.830011,0,0,0,0,407.695402,19.32843,108.246517,127.881559,26829,15837,15959,39660,17165,11039,0,2401,0,2896,0,4881,0,899,4653,0,0,0,11548,5467,0.496977,0.514949,0.448066,0,0,51.046577,0.595759,163.176179,147.297997,144.680569,56275,1.525566,0,0.535626,0.928043,0,1.522804,0,0.536208,0.439538,0,1.525012,0,0.535303,0.534632,0,1.523359,0,0.535047,0.588314,0,71.221694
24,0.860412,0.033315,0.053265,0.047762,0.04957,0.40939,0.454498,0.416236,0.504838,88.218356,69.011923,47.618876,74.66968,0.865903,0.751451,0.653594,0.833165,0,0,0,0,193.200119,19.112234,53.221076,90.277103,22887,16458,14188,46967,13793,11479,0,4790,0,2987,0,5002,0,1199,4128,0,0,0,10253,7297,0.493914,0.516232,0.443714,0,0,47.697832,0.625166,151.300849,138.530281,134.898153,55772,1.525558,0,0.53183,0.79043,0,1.522747,0,0.535838,0.419306,0,1.525084,0,0.535953,0.435243,0,1.523367,0,0.535988,0.47541,0,67.814545
24,0.84384,0.04499,0.040313,0.050389,0.045966,0.3906,0.396053,0.485584,0.4365,66.464332,49.319345,53.336449,46.51461,0.823911,0.695558,0.691373,0.838041,0,0,0,0,97.284554,15.235326,62.110641,58.145554,19644,14296,16079,39343,13432,10116,0,4819,0,2641,0,4739,0,774,4689,0,0,0,11649,5531,0.47307,0.496311,0.428652,0,0,45.580037,0.614095,148.614369,132.969839,131.31066,53857,1.525643,0,0.53919,0.601423,0,1.522774,0,0.534166,0.393134,0,1.52511,0,0.539082,0.434847,0,1.523438,0,0.533328,0.418545,0,56.932346
24,0.849803,0.040647,0.052392,0.044704,0.042093,0.354886,0.472457,0.462887,0.440765,51.267938,84.45237,51.972969,69.034386,0.839748,0.670891,0.689391,0.810787,0,0,0,0,128.546212,21.779396,76.72587,61.654398,22309,17097,15546,36982,12265,11973,0,5542,0,3128,0,4060,0,1005,4524,0,0,0,11256,5372,0.481123,0.499439,0.43471,0,0,47.012131,0.612283,149.246557,140.583501,133.600844,54633,1.525638,0,0.536093,0.672667,0,1.522802,0,0.536476,0.457198,0,1.525128,0,0.538521,0.465814,0,1.52338,0,0.533747,0.458895,0,60.82728
24,0.864931,0.057206,0.045816,0.039561,0.047725,0.478559,0.399464,0.477457,0.448699,95.529889,50.607605,76.908965,57.152341,0.89465,0.733903,0.693261,0.85906,0,0,0,0,201.905256,15.389759,114.840112,88.906805,25300,14664,16034,44213,15978,10227,0,3849,0,2673,0,5101,0,903,4618,0,0,0,11544,6209,0.501298,0.517278,0.453121,0,0,49.413819,0.613043,161.949247,144.291591,139.015734,56942,1.525615,0,0.534659,0.749694,0,1.522777,0,0.536346,0.399888,0,1.524986,0,0.535758,0.562404,0,1.52332,0,0.532851,0.487054,0,69.851392
24,0.842552,0.039713,0.051989,0.044946,0.051322,0.394155,0.447913,0.422247,0.429558,54.723265,53.149196,39.637399,45.231721,0.848108,0.653927,0.648813,0.766909,0,0,0,0,123.4237,19.478336,59.330976,51.543678,22034,16147,14047,37963,13462,11272,0,4733,0,2971,0,4023,0,1184,4101,0,0,0,10178,5713,0.471039,0.48581,0.422766,0,0,45.774582,0.613745,150.404977,138.556887,138.216739,53075,1.525595,0,0.537291,0.612161,0,1.522881,0,0.539173,0.407879,0,1.525076,0,0.536922,0.424855,0,1.523411,0,0.536569,0.408785,0,57.954237
24,0.849395,0.045237,0.056988,0.042438,0.038944,0.441498,0.480878,0.450382,0.357601,64.279087,67.990987,47.941144,35.04974,0.882412,0.635174,0.678467,0.792928,0,0,0,0,164.005075,21.193936,63.288757,55.629208,25973,17138,14774,33926,15164,11937,0,3039,0,3139,0,3685,0,1212,4307,0,0,0,10729,5629,0.47936,0.498904,0.432641,0,0,48.970239,0.587764,157.624131,143.57711,145.347236,54367,1.525636,0,0.537933,0.684079,0,1.522822,0,0.537429,0.432765,0,1.525002,0,0.537805,0.438765,0,1.523461,0,0.537405,0.441288,0,60.553812
24,0.852732,0.040736,0.051424,0.04139,0.048171,0.40636,0.497264,0.463219,0.382933,59.996954,71.736539,63.776289,41.380682,0.862602,0.66434,0.695745,0.811021,0,0,0,0,169.644845,21.623764,66.150518,60.211893,24292,17536,15510,36753,13830,12266,0,3908,0,3209,0,3920,0,1119,4496,0,0,0,11236,5408,0.488274,0.505061,0.437925,0,0,48.930045,0.603972,150.706635,143.612672,138.485135,55027,1.52564,0,0.539286,0.712581,0,1.522764,0,0.536217,0.410255,0,1.525016,0,0.537969,0.46652,0,1.523443,0,0.536789,0.440992,0,62.926608
24,0.844221,0.043196,0.035236,0.04783,0.049043,0.392022,0.351992,0.430919,0.541856,56.219473,44.00994,55.550678,73.691927,0.831672,0.673196,0.642023,0.829873,0,0,0,0,90.168827,13.641165,75.066557,63.119584,20417,12713,14484,40514,13211,8878,0,6548,0,2352,0,4767,0,938,4212,0,0,0,10433,6969,0.474237,0.494739,0.42913,0,0,44.085001,0.625282,147.622717,132.450146,132.010246,53923,1.525666,0,0.534928,0.557347,0,1.522918,0,0.534979,0.41283,0,1.524985,0,0.534131,0.471426,0,1.523404,0,0.535996,0.425401,0,58.982564
24,0.840184,0.050021,0.034986,0.050292,0.045567,0.470526,0.319635,0.460962,0.439847,86.484334,32.698068,55.723304,51.633008,0.861515,0.66684,0.658127,0.823346,0,0,0,0,132.001805,11.8128,83.761394,64.817794,22234,11574,15322,39292,15974,8089,0,4399,0,2157,0,4875,0,721,4473,0,0,0,11089,5915,0.469733,0.482131,0.42207,0,0,45.630055,0.596239,156.629712,136.353764,137.70742,53012,1.525655,0,0.537225,0.622834,0,1.522911,0,0.536618,0.390854,0,1.52505,0,0.537246,0.485905,0,1.523428,0,0.54003,0.442688,0,55.641497
24,0.85739,0.051769,0.056355,0.039487,0.047219,0.451602,0.45826,0.424981,0.437576,94.946222,67.200325,42.404703,47.938909,0.874649,0.721282,0.64713,0.818099,0,0,0,0,199.579752,20.39092,47.601781,83.875738,23745,16544,14198,41390,15005,11623,0,3234,0,3023,0,4663,0,1071,4162,0,0,0,10329,6813,0.478946,0.512432,0.438372,0,0,48.011271,0.615563,157.693321,141.84547,138.120899,55097,1.525571,0,0.53296,0.705022,0,1.522807,0,0.537673,0.426218,0,1.525128,0,0.535027,0.423133,0,1.523316,0,0.53707,0.458504,0,65.619264
24,0.844734,0.054046,0.051295,0.039717,0.047346,0.465598,0.46399,0.368921,0.415956,86.628774,55.295286,37.149436,46.326371,0.890648,0.657463,0.591941,0.767054,0,0,0,0,370.937445,17.831044,40.660862,79.926412,25484,16435,12194,38229,15812,11419,0,2882,0,3004,0,4031,0,1343,3572,0,0,0,8895,7459,0.476363,0.493789,0.428485,0,0,48.626943,0.586343,152.376802,146.542345,143.046766,53798,1.525591,0,0.535706,1.039825,0,1.522851,0,0.536412,0.402847,0,1.52505,0,0.535281,0.431891,0,1.523453,0,0.534948,0.468555,0,58.705245
24,0.859631,0.039368,0.05023,0.051013,0.054467,0.406018,0.429564,0.553396,0.393898,59.529954,70.161604,79.27005,42.402473,0.867241,0.708687,0.779454,0.871128,0,0,0,0,134.453018,18.638122,118.174611,81.69489,23160,15726,18710,41295,14035,11034,0,4884,0,2862,0,4678,0,658,5426,0,0,0,13524,3839,0.493666,0.515147,0.446421,0,0,48.611906,0.627076,150.942631,140.768954,137.91876,56112,1.525548,0,0.535735,0.646858,0,1.522833,0,0.534959,0.429836,0,1.524979,0,0.539237,0.518026,0,1.523439,0,0.537977,0.464518,0,67.287515
24,0.858565,0.039536,0.043685,0.044416,0.058224,0.406086,0.451753,0.486527,0.427681,62.966571,61.725472,76.387868,51.669551,0.842838,0.707459,0.686813,0.838515,0,0,0,0,177.749075,18.143615,92.371989,87.176232,22161,16275,15672,41299,13624,11493,0,4085,0,2996,0,4547,0,929,4554,0,0,0,11335,5972,0.484637,0.51011,0.442826,0,0,48.217926,0.622257,149.908272,137.575336,134.266898,55590,1.525557,0,0.536013,0.738645,0,1.522806,0,0.53647,0.417586,0,1.525103,0,0.537481,0.43915,0,1.52334,0,0.533695,0.479314,0,65.578586
24,0.853139,0.035433,0.046674,0.058059,0.043314,0.371461,0.472603,0.424708,0.471831,46.807236,68.541532,40.972803,50.127967,0.832576,0.68059,0.666927,0.806827,0,0,0,0,89.963897,19.393635,55.107816,58.518493,20525,16911,14307,40160,12399,11881,0,5129,0,3101,0,4180,0,1262,4186,0,0,0,10380,6456,0.478592,0.499941,0.434759,0,0,45.629251,0.628664,149.922768,134.614968,133.520131,54594,1.525675,0,0.538223,0.520485,0,1.522782,0,0.538039,0.410353,0,1.52511,0,0.53867,0.422177,0,1.523373,0,0.538223,0.397075,0,61.986537
24,0.868063,0.054391,0.047753,0.047069,0.038049,0.473537,0.454531,0.452402,0.435111,77.430724,64.407531,52.374984,48.531658,0.895949,0.742104,0.67891,0.833294,0,0,0,0,313.207768,19.012365,57.685746,89.028511,25212,16335,15335,41112,15198,11418,0,3998,0,2989,0,4905,0,974,4465,0,0,0,11117,6135,0.49344,0.518746,0.446763,0,0,49.369181,0.622874,150.289998,142.271772,139.869406,56084,1.52558,0,0.534288,0.769987,0,1.522804,0,0.535928,0.430058,0,1.525004,0,0.533298,0.419562,0,1.523335,0,0.534714,0.466266,0,69.954836
24,0.850386,0.048057,0.051793,0.05,0.042795,0.470641,0.459843,0.446913,0.358542,103.727392,73.33605,52.166587,32.022322,0.872143,0.677927,0.678324,0.813982,0,0,0,0,339.308213,21.166057,60.849806,72.890971,25633,16393,14643,37847,16136,11446,0,1628,0,2971,0,4269,0,1284,4257,0,0,0,10599,6338,0.484339,0.496279,0.430908,0,0,49.659074,0.577575,152.95652,144.776711,144.472522,54123,1.525554,0,0.535658,0.993916,0,1.522809,0,0.535528,0.441422,0,1.525104,0,0.534387,0.447801,0,1.523403,0,0.536387,0.444132,0,61.346747
24,0.858106,0.042062,0.051482,0.05402,0.042782,0.434995,0.446021,0.466625,0.426768,80.637434,76.473559,71.038007,63.17374,0.8788,0.728511,0.701737,0.828717,0,0,0,0,249.863166,18.118719,91.975386,109.011024,23783,16342,15915,40420,14669,11416,0,4084,0,2977,0,4776,0,1019,4606,0,0,0,11497,5501,0.497532,0.511295,0.445166,0,0,49.322511,0.609509,156.122687,141.557406,138.595469,55901,1.525558,0,0.536375,0.869368,0,1.522771,0,0.536891,0.429028,0,1.525092,0,0.536691,0.526157,0,1.523386,0,0.539048,0.543006,0,66.673334
24,0.856141,0.052587,0.049643,0.040201,0.047069,0.488744,0.481636,0.376154,0.402846,123.324896,68.796917,41.167424,44.689549,0.874434,0.67682,0.601441,0.784348,0,0,0,0,254.393862,20.205122,48.61606,73.962247,24660,17208,12676,38028,15445,12067,0,2189,0,3140,0,4109,0,1249,3704,0,0,0,9224,7450,0.484275,0.497153,0.44091,0,0,49.001116,0.582254,166.506559,149.643197,141.656166,55394,1.525536,0,0.535414,0.801633,0,1.522821,0,0.534488,0.418348,0,1.52513,0,0.534189,0.446882,0,1.523381,0,0.53682,0.465054,0,64.802916
24,0.85293,0.050451,0.04977,0.058719,0.032512,0.437949,0.430884,0.496683,0.378755,71.240564,54.020893,63.12596,55.220967,0.854088,0.681243,0.718208,0.84801,0,0,0,0,140.699563,16.562097,80.132845,67.012675,23334,15627,16926,39465,14504,11004,0,3682,0,2868,0,4393,0,741,4913,0,0,0,12240,4986,0.483162,0.499661,0.435378,0,0,47.237082,0.614134,160.181215,140.264855,137.245233,54731,1.52566,0,0.537951,0.616916,0,1.522864,0,0.538528,0.41035,0,1.524999,0,0.534999,0.473217,0,1.523317,0,0.537077,0.471417,0,63.300915
24,0.849279,0.036647,0.0566,0.048728,0.050187,0.387847,0.472816,0.445181,0.420754,62.850848,67.8153,55.81156,46.550546,0.845065,0.701011,0.669702,0.801239,0,0,0,0,137.613849,20.687867,60.342386,89.534551,22379,17045,14968,39379,13402,11960,0,4090,0,3129,0,4364,0,1025,4363,0,0,0,10830,5708,0.482542,0.495825,0.431271,0,0,47.340469,0.611628,156.432449,139.578119,135.224543,54204,1.525652,0,0.535278,0.692563,0,1.522912,0,0.534051,0.43091,0,1.524977,0,0.536131,0.440011,0,1.523408,0,0.537243,0.47996,0,60.336892
24,0.855888,0.049218,0.043436,0.051767,0.041378,0.425184,0.434432,0.507092,0.388514,78.848997,60.329541,61.11087,40.733899,0.846209,0.684621,0.730826,0.846008,0,0,0,0,213.479411,18.801809,96.748567,54.84327,22166,15697,17146,37256,14169,11085,0,3786,0,2877,0,4419,0,802,4966,0,0,0,12363,4767,0.481048,0.498823,0.431473,0,0,46.443959,0.617079,151.067529,143.124522,137.439674,54199,1.525634,0,0.541604,0.679851,0,1.522882,0,0.535288,0.417504,0,1.524988,0,0.536249,0.486298,0,1.523369,0,0.538222,0.416579,0,64.580288
24,0.855361,0.057738,0.036548,0.047031,0.049786,0.456995,0.398382,0.425732,0.48191,81.388145,68.346208,51.151664,51.983287,0.869558,0.756863,0.635114,0.839491,0,0,0,0,228.326148,17.068639,64.037212,87.606639,23371,14475,14198,44734,15570,10151,0,3499,0,2644,0,5359,0,976,4135,0,0,0,10287,7416,0.488521,0.509814,0.440641,0,0,47.839384,0.614772,157.810532,138.933389,137.055999,55387,1.52555,0,0.535461,0.816863,0,1.522836,0,0.534568,0.442989,0,1.525076,0,0.53638,0.473529,0,1.523353,0,0.5329,0.462159,0,63.50763
24,0.853679,0.058556,0.034731,0.042887,0.047059,0.515262,0.4062,0.396941,0.430702,91.964534,54.116358,52.488379,46.401062,0.892922,0.701153,0.608387,0.802071,0,0,0,0,201.246844,16.259763,62.370185,85.272236,25524,14745,13259,40705,16885,10265,0,2412,0,2701,0,4743,0,1069,3873,0,0,0,9612,7373,0.480138,0.50117,0.433351,0,0,48.432747,0.591144,164.887903,147.543106,142.533906,54436,1.525638,0,0.536193,0.680693,0,1.522814,0,0.536293,0.413092,0,1.525029,0,0.539679,0.483342,0,1.523398,0,0.536159,0.478905,0,63.25729
24,0.850053,0.043648,0.035588,0.057414,0.048554,0.391801,0.362139,0.504841,0.468953,52.392811,52.756885,61.860894,43.982615,0.832106,0.72099,0.724027,0.844308,0,0,0,0,97.469991,15.050805,112.411768,68.848,20460,13259,17045,42293,13518,9313,0,5729,0,2430,0,5183,0,772,4936,0,0,0,12288,4829,0.481107,0.49504,0.432021,0,0,45.445423,0.639672,144.398376,132.9865,131.917972,54275,1.525699,0,0.536739,0.573293,0,1.522823,0,0.537954,0.416502,0,1.525036,0,0.535516,0.500891,0,1.523397,0,0.538835,0.424148,0,61.287824
24,0.86498,0.050276,0.03715,0.049298,0.057947,0.463647,0.33771,0.451439,0.559042,74.861562,41.980918,54.741136,73.067883,0.896281,0.799286,0.644266,0.884734,0,0,0,0,150.508741,12.136387,60.191957,138.658613,22509,12289,15198,49915,16024,8604,0,5283,0,2246,0,6144,0,626,4431,0,0,0,10963,7648,0.501091,0.527798,0.454648,0,0,48.050054,0.646833,147.384141,137.937037,134.335866,57082,1.525577,0,0.533508,0.659177,0,1.522788,0,0.535552,0.39341,0,1.524997,0,0.53571,0.447383,0,1.523342,0,0.53575,0.517614,0,69.525408
24,0.861299,0.044722,0.047212,0.045893,0.056061,0.436232,0.368475,0.519159,0.466941,102.72401,47.666164,77.352705,68.192735,0.876823,0.74622,0.725531,0.86988,0,0,0,0,204.964091,14.436694,107.86494,107.846683,22500,13607,17512,44828,15017,9573,0,5112,0,2512,0,5368,0,576,5076,0,0,0,12634,5009,0.498488,0.509016,0.444299,0,0,47.117736,0.632794,152.309034,139.084135,136.283799,55799,1.525587,0,0.537463,0.840147,0,1.522878,0,0.533482,0.41703,0,1.524975,0,0.53666,0.502332,0,1.523301,0,0.536852,0.480291,0,68.203554
24,0.845517,0.05514,0.050605,0.041572,0.033501,0.445689,0.458542,0.411317,0.395591,61.783347,76.121957,43.792524,40.911782,0.862155,0.663315,0.653892,0.794023,0,0,0,0,152.990133,21.606284,54.085748,53.777095,24429,16362,13956,35493,15158,11398,0,2697,0,2988,0,4105,0,1284,4075,0,0,0,10137,6463,0.472728,0.494045,0.427439,0,0,48.107471,0.59478,152.887559,141.499501,142.208918,53669,1.525674,0,0.535139,0.646743,0,1.522825,0,0.535206,0.454774,0,1.525086,0,0.53873,0.441872,0,1.523385,0,0.537657,0.413601,0,58.312566
24,0.844288,0.043931,0.034621,0.046443,0.052167,0.414024,0.407841,0.402282,0.478435,60.201457,51.582984,46.428851,56.581819,0.834716,0.691927,0.624753,0.81958,0,0,0,0,124.641579,16.304538,61.359273,57.134212,22590,14582,13235,41039,14310,10168,0,3922,0,2676,0,4672,0,1252,3876,0,0,0,9611,7821,0.473137,0.492641,0.426021,0,0,45.730717,0.611474,150.954069,135.845258,134.19878,53534,1.52567,0,0.535949,0.615348,0,1.522831,0,0.536292,0.419728,0,1.525062,0,0.535543,0.452195,0,1.523406,0,0.534118,0.420813,0,57.649592
24,0.846894,0.041567,0.05208,0.038855,0.050826,0.461477,0.480619,0.366817,0.407931,67.106623,83.351199,44.705424,38.087461,0.884089,0.699834,0.617214,0.737947,0,0,0,0,143.389048,22.796542,50.296294,62.274898,25493,17160,12290,38901,15413,11880,0,2789,0,3121,0,4359,0,1607,3589,0,0,0,8944,6651,0.47796,0.494122,0.431457,0,0,48.822161,0.586079,167.697765,145.226085,143.975625,54212,1.525636,0,0.537413,0.635,0,1.522841,0,0.539726,0.466223,0,1.525019,0,0.535651,0.450869,0,1.523456,0,0.535986,0.433689,0,59.037239
24,0.845891,0.046978,0.03887,0.042587,0.051074,0.402095,0.351536,0.490776,0.460912,64.684341,44.314337,60.489269,56.069967,0.83309,0.66164,0.708843,0.839396,0,0,0,0,113.007277,14.515972,76.366666,67.650164,19769,12687,16378,38551,13764,8953,0,5720,0,2354,0,4646,0,841,4777,0,0,0,11809,5351,0.475919,0.489196,0.427901,0,0,44.628351,0.614624,149.813071,138.670254,134.419164,53726,1.525666,0,0.535325,0.620145,0,1.522853,0,0.535673,0.400018,0,1.525032,0,0.536911,0.462363,0,1.523469,0,0.536668,0.443563,0,57.422777
24,0.85323,0.040459,0.056246,0.053117,0.040998,0.412464,0.472015,0.479005,0.383166,58.897143,68.232831,58.663948,33.201145,0.860812,0.67175,0.713033,0.818615,0,0,0,0,131.380566,20.375926,79.802756,57.004059,23011,16916,15912,38722,14060,11876,0,3836,0,3089,0,4102,0,1118,4627,0,0,0,11503,5238,0.477942,0.507777,0.436499,0,0,48.216024,0.610184,153.228734,142.249317,141.654093,54834,1.525659,0,0.536028,0.641787,0,1.522756,0,0.532395,0.424606,0,1.525066,0,0.534063,0.472532,0,1.523446,0,0.536113,0.433704,0,63.250402
24,0.858154,0.048284,0.046645,0.041045,0.046008,0.40584,0.497158,0.454904,0.411441,87.698415,89.468209,54.76159,37.889515,0.851793,0.702474,0.704981,0.803819,0,0,0,0,197.088743,21.780835,79.910621,63.79552,22400,17616,15472,40841,13278,12336,0,4217,0,3211,0,4306,0,1222,4499,0,0,0,11189,5284,0.481128,0.503999,0.436853,0,0,47.743837,0.607059,158.084503,144.510765,139.311339,54889,1.525562,0,0.533984,0.673832,0,1.522776,0,0.532013,0.444056,0,1.52509,0,0.537175,0.481579,0,1.523416,0,0.532894,0.428805,0,66.506957
24,0.847716,0.048478,0.047407,0.043822,0.048769,0.418399,0.410186,0.435268,0.446316,77.927842,61.024884,52.817116,52.488153,0.855432,0.672748,0.661058,0.804864,0,0,0,0,155.298288,16.992635,61.471661,66.206337,22759,14404,14690,37339,14317,10060,0,4851,0,2646,0,4504,0,1057,4276,0,0,0,10627,6071,0.474628,0.495905,0.430462,0,0,46.696215,0.604425,149.9463,140.34398,137.203995,54086,1.525547,0,0.536451,0.71533,0,1.522892,0,0.535942,0.432996,0,1.525073,0,0.534311,0.452664,0,1.523468,0,0.537143,0.439618,0,59.733565
24,0.856539,0.041,0.045491,0.05342,0.04841,0.405143,0.439528,0.455465,0.465909,62.824203,57.797474,51.893106,61.194593,0.859527,0.710387,0.68067,0.836671,0,0,0,0,167.51626,17.077769,59.853845,88.384768,21379,15499,15244,42076,13797,10896,0,5038,0,2826,0,4726,0,1018,4450,0,0,0,11056,6304,0.490878,0.509489,0.442133,0,0,47.329529,0.626168,155.277072,136.906588,133.959612,55567,1.525645,0,0.537925,0.72267,0,1.522816,0,0.537179,0.406839,0,1.52504,0,0.536949,0.444969,0,1.523325,0,0.535804,0.461225,0,64.981192
24,0.85305,0.049674,0.044336,0.046138,0.049739,0.44151,0.475341,0.448341,0.389163,84.258385,71.025711,48.327908,38.97487,0.877143,0.702516,0.677407,0.814027,0,0,0,0,207.104047,20.065173,61.640919,71.154008,24445,16998,15129,39913,15119,11899,0,2926,0,3131,0,4378,0,1066,4393,0,0,0,10921,5906,0.488302,0.505002,0.436782,0,0,49.203724,0.603748,160.73507,141.721744,142.70596,54897,1.525576,0,0.535331,0.791782,0,1.522834,0,0.536034,0.426824,0,1.524997,0,0.53914,0.438297,0,1.523402,0,0.537164,0.456149,0,62.544425
24,0.846631,0.047977,0.05624,0.033946,0.048897,0.412368,0.468788,0.385049,0.437031,73.740683,66.434097,43.042833,48.820607,0.849841,0.682703,0.616736,0.778248,0,0,0,0,257.154332,20.854747,53.944867,78.150524,23285,16886,12852,39800,14042,11740,0,3541,0,3105,0,4199,0,1356,3749,0,0,0,9302,7190,0.472651,0.488628,0.424681,0,0,47.281772,0.598109,151.560693,141.123447,137.190151,53381,1.525615,0,0.542193,0.903145,0,1.5229,0,0.537169,0.423554,0,1.525047,0,0.540114,0.424151,0,1.523418,0,0.534946,0.453251,0,57.523214
24,0.853604,0.049475,0.039004,0.054717,0.045954,0.437452,0.373648,0.500058,0.438033,65.568498,43.919816,55.285891,56.552429,0.852457,0.70824,0.704734,0.863485,0,0,0,0,135.799656,14.89362,81.793115,83.604196,21973,13531,16701,41328,14782,9547,0,4496,0,2482,0,5009,0,666,4860,0,0,0,12055,5629,0.484689,0.505447,0.435648,0,0,46.778963,0.625288,151.150212,137.510691,135.833706,54714,1.525627,0,0.531646,0.642431,0,1.522809,0,0.53635,0.404847,0,1.525115,0,0.536215,0.471187,0,1.523319,0,0.534863,0.456118,0,62.711959
24,0.845811,0.039998,0.050618,0.046292,0.044788,0.448827,0.421419,0.40431,0.430697,78.403639,47.837777,41.001855,45.287479,0.869922,0.689901,0.619242,0.786115,0,0,0,0,194.353512,16.613552,50.443707,65.34615,24265,14924,13596,39701,15286,10395,0,3714,0,2762,0,4575,0,1023,3984,0,0,0,9888,6597,0.474396,0.492017,0.426738,0,0,47.159092,0.600586,154.468585,142.855271,135.817609,53580,1.525565,0,0.53542,0.755629,0,1.522865,0,0.537704,0.409841,0,1.525087,0,0.536075,0.433719,0,1.523482,0,0.536411,0.430469,0,58.761058
24,0.848739,0.044259,0.040618,0.045811,0.064164,0.389719,0.420463,0.410145,0.506061,63.335328,51.013483,49.512612,52.872383,0.839015,0.706099,0.632964,0.820326,0,0,0,0,177.257878,16.550706,60.683748,74.157365,20474,14906,13674,41930,13466,10442,0,5091,0,2721,0,4775,0,1197,3973,0,0,0,9897,7449,0.479119,0.498252,0.433051,0,0,45.845443,0.622152,145.635665,136.172863,131.104508,54422,1.525633,0,0.5363,0.773774,0,1.522789,0,0.532753,0.393801,0,1.525047,0,0.533214,0.458928,0,1.52343,0,0.535131,0.430053,0,59.231233
24,0.848708,0.040567,0.054026,0.045157,0.040114,0.406005,0.471668,0.493854,0.355632,75.27238,72.060484,73.50002,36.013324,0.856538,0.665451,0.718709,0.791482,0,0,0,0,212.259998,19.672788,109.478883,61.954152,23373,16860,16189,35551,13986,11825,0,3820,0,3116,0,4013,0,1100,4682,0,0,0,11696,4287,0.475081,0.492831,0.42617,0,0,47.160802,0.594199,160.780968,142.09859,140.915346,53548,1.525575,0,0.53596,0.760973,0,1.522853,0,0.540874,0.433061,0,1.524997,0,0.537609,0.528015,0,1.523468,0,0.537523,0.448609,0,59.669982
24,0.858403,0.053529,0.050732,0.043102,0.052355,0.523612,0.434678,0.373803,0.442063,104.896611,64.837109,35.31758,52.571325,0.917501,0.738948,0.582228,0.789051,0,0,0,0,417.301029,18.928905,45.165607,147.143569,27104,15750,12481,43248,17346,10929,0,2148,0,2848,0,4997,0,1077,3672,0,0,0,9112,7721,0.487337,0.504925,0.439192,0,0,50.206775,0.593577,162.704414,143.663951,143.240671,55176,1.525548,0,0.535964,0.970757,0,1.522795,0,0.530556,0.422353,0,1.525094,0,0.53674,0.43121,0,1.52338,0,0.536809,0.584895,0,65.590988
24,0.846093,0.0502,0.055179,0.049939,0.045454,0.384092,0.469075,0.417746,0.45165,53.521511,65.195034,43.478411,45.680042,0.840469,0.701558,0.651977,0.798214,0,0,0,0,146.508568,20.505713,73.043659,80.711538,22423,16648,14087,39442,13277,11673,0,4343,0,3061,0,4428,0,1196,4117,0,0,0,10210,6464,0.477623,0.498929,0.430031,0,0,47.576689,0.614699,150.535678,140.528005,134.860122,54046,1.52561,0,0.536207,0.67933,0,1.522876,0,0.536995,0.418526,0,1.524999,0,0.536745,0.455364,0,1.523414,0,0.534586,0.455646,0,58.762957
24,0.858812,0.050714,0.058055,0.050608,0.040934,0.464342,0.453805,0.440531,0.424062,76.811074,65.926523,53.72368,42.767701,0.880863,0.697382,0.672604,0.829119,0,0,0,0,163.972416,19.64305,107.808622,85.619381,23984,16053,15004,40972,15085,11220,0,3728,0,2920,0,4512,0,1060,4362,0,0,0,10862,6375,0.486478,0.515393,0.444909,0,0,48.589986,0.617662,157.325412,141.254859,141.513458,55867,1.525611,0,0.537075,0.605388,0,1.522855,0,0.535017,0.435181,0,1.524966,0,0.534202,0.523141,0,1.523364,0,0.536213,0.471514,0,65.761252
24,0.863051,0.052728,0.049337,0.046831,0.039874,0.459027,0.455206,0.421171,0.460843,88.119668,68.504675,51.834042,67.709476,0.903196,0.710836,0.656603,0.822271,0,0,0,0,241.896711,18.793907,61.906645,114.355253,24756,16094,14149,41085,15550,11176,0,3992,0,2917,0,4652,0,1274,4101,0,0,0,10232,7052,0.49264,0.517549,0.448131,0,0,48.980802,0.614055,159.272698,139.00162,139.987194,56240,1.525561,0,0.537499,0.814161,0,1.522856,0,0.538494,0.432871,0,1.525036,0,0.535018,0.449325,0,1.523301,0,0.534644,0.528461,0,69.25028
24,0.852583,0.044712,0.051943,0.038665,0.050333,0.403086,0.50468,0.386616,0.45563,53.773585,75.949114,39.284161,50.467707,0.856825,0.702764,0.614241,0.791891,0,0,0,0,121.947558,21.719558,43.522529,58.805322,23436,17978,12600,39064,13530,12556,0,3858,0,3295,0,4235,0,1403,3698,0,0,0,9212,7655,0.490137,0.50305,0.438409,0,0,48.274929,0.618727,154.294274,141.215004,136.4068,55088,1.525674,0,0.535389,0.627534,0,1.522755,0,0.534086,0.430655,0,1.525047,0,0.532645,0.416913,0,1.523408,0,0.537689,0.418337,0,62.88556
24,0.860432,0.049919,0.046204,0.050465,0.04144,0.461686,0.492203,0.457089,0.37032,77.199277,69.084232,56.141835,44.415611,0.892089,0.693739,0.696408,0.808252,0,0,0,0,191.301708,21.54466,71.20488,72.890086,25945,17708,15526,37608,15151,12356,0,3082,0,3244,0,4190,0,1077,4530,0,0,0,11266,5296,0.492226,0.5071,0.441269,0,0,49.49403,0.597244,155.514729,145.949087,142.846656,55475,1.525548,0,0.535809,0.679175,0,1.522819,0,0.536296,0.415542,0,1.525037,0,0.534063,0.473071,0,1.523362,0,0.533707,0.489438,0,66.44967
24,0.847622,0.040304,0.04369,0.050684,0.050013,0.366116,0.425635,0.470485,0.460823,50.56411,53.537507,59.510463,49.441618,0.821208,0.68988,0.694645,0.838612,0,0,0,0,110.354829,16.543778,72.81465,63.224248,18922,15239,15877,40756,12463,10763,0,5565,0,2817,0,4527,0,918,4620,0,0,0,11501,5749,0.475986,0.499387,0.429324,0,0,44.723842,0.626347,150.219472,136.262121,133.554069,53952,1.52565,0,0.535199,0.617671,0,1.522869,0,0.536317,0.402512,0,1.525098,0,0.537043,0.472044,0,1.523317,0,0.533202,0.420504,0,59.764102
24,0.85046,0.045478,0.044111,0.046462,0.049743,0.405523,0.394649,0.410957,0.523055,55.139165,62.145739,45.024681,58.194561,0.845794,0.73032,0.628819,0.816625,0,0,0,0,99.913717,17.187767,55.403127,73.324651,21285,13754,13500,43096,14017,9620,0,5282,0,2499,0,5217,0,1204,3938,0,0,0,9731,7581,0.480834,0.503305,0.434949,0,0,46.2365,0.634436,153.546344,135.806208,134.863704,54659,1.525643,0,0.536605,0.566037,0,1.522857,0,0.536591,0.444445,0,1.525102,0,0.534753,0.439923,0,1.523327,0,0.539274,0.427232,0,61.724262
24,0.852643,0.04724,0.049852,0.048714,0.045701,0.407866,0.460936,0.449124,0.426896,58.49491,62.572564,67.865004,44.076524,0.850417,0.694134,0.695372,0.823502,0,0,0,0,157.580236,19.653579,105.015527,66.769953,22979,16527,15340,39708,13784,11565,0,4100,0,3014,0,4395,0,1204,4438,0,0,0,11081,5932,0.484321,0.503288,0.438206,0,0,47.776253,0.610079,152.719736,139.901484,137.518016,55021,1.525654,0,0.535639,0.689123,0,1.522877,0,0.539328,0.430189,0,1.525032,0,0.534008,0.523935,0,1.523349,0,0.536357,0.438174,0,62.044149
24,0.842341,0.050395,0.048921,0.043002,0.051508,0.415151,0.484365,0.351394,0.453189,61.048423,73.171638,33.592479,65.882189,0.860594,0.697234,0.578217,0.748653,0,0,0,0,134.534838,22.603362,34.655074,69.775209,23004,17224,11592,39334,14013,11990,0,3795,0,3130,0,4326,0,1398,3432,0,0,0,8486,7543,0.470077,0.492834,0.424235,0,0,47.673348,0.597642,167.029275,142.285443,137.78679,53265,1.525662,0,0.535904,0.630245,0,1.522826,0,0.534534,0.445868,0,1.525098,0,0.535638,0.418843,0,1.523393,0,0.537754,0.4477,0,57.575622
24,0.850574,0.04231,0.047367,0.051625,0.048317,0.431729,0.392796,0.418455,0.486479,73.232941,75.641581,52.008063,68.626073,0.857309,0.71352,0.646928,0.828755,0,0,0,0,138.045061,16.655491,61.375087,91.620718,23021,14131,14047,42576,14862,9836,0,4325,0,2552,0,5001,0,1184,4087,0,0,0,10148,7327,0.483128,0.501439,0.43493,0,0,47.989864,0.614187,157.684787,136.460428,136.457545,54667,1.525616,0,0.539528,0.6625,0,1.522865,0,0.540591,0.466041,0,1.525084,0,0.537147,0.467729,0,1.523342,0,0.53674,0.483106,0,61.722049
24,0.853443,0.040075,0.060807,0.039409,0.048688,0.39212,0.498969,0.404257,0.446475,70.139773,85.268066,41.41018,54.87422,0.856009,0.720353,0.633861,0.789028,0,0,0,0,185.942788,21.838692,49.831883,72.223542,23032,18118,13460,42835,13550,12659,0,3707,0,3312,0,4399,0,1273,3932,0,0,0,9756,6850,0.482075,0.499523,0.43343,0,0,47.545417,0.608899,154.357699,142.735755,133.997884,54391,1.525659,0,0.53572,0.697149,0,1.522793,0,0.536714,0.42432,0,1.52501,0,0.538378,0.422567,0,1.523446,0,0.536711,0.442186,0,63.570861
24,0.855477,0.047889,0.04705,0.041974,0.046152,0.388273,0.486368,0.423821,0.458615,55.619236,72.596058,46.315467,49.942829,0.840161,0.70143,0.657158,0.840562,0,0,0,0,112.267401,19.267202,60.694895,62.246247,22292,17604,14254,41439,13160,12374,0,3884,0,3239,0,4271,0,1195,4157,0,0,0,10326,7388,0.488471,0.508316,0.438963,0,0,47.129729,0.62445,154.316801,135.223294,136.097433,55178,1.525635,0,0.532808,0.617024,0,1.522751,0,0.533689,0.406747,0,1.524989,0,0.534041,0.437804,0,1.52345,0,0.533024,0.433835,0,64.30352
24,0.857898,0.046559,0.056815,0.039375,0.051097,0.495982,0.444607,0.327152,0.509153,70.055935,64.533559,36.729887,64.769353,0.913943,0.721948,0.569623,0.784624,0,0,0,0,193.695644,19.333681,43.17686,88.513276,25835,15500,11077,42082,16556,10677,0,3385,0,2788,0,4877,0,1578,3249,0,0,0,8055,9040,0.49304,0.511118,0.445825,0,0,49.370907,0.60347,157.487478,143.169651,141.315596,56012,1.525528,0,0.53988,0.678841,0,1.522855,0,0.539606,0.424417,0,1.525052,0,0.53659,0.430044,0,1.523391,0,0.53681,0.475281,0,64.811
24,0.860187,0.057293,0.038762,0.045526,0.048347,0.513787,0.404779,0.432909,0.416474,95.805321,50.838471,49.746988,41.935166,0.908944,0.749578,0.6725,0.816187,0,0,0,0,271.894803,16.261417,57.735424,107.779745,25862,14253,14737,45195,17374,9832,0,2729,0,2601,0,5324,0,1148,4304,0,0,0,10659,6320,0.488979,0.513818,0.442698,0,0,49.025622,0.601793,159.041883,146.563166,141.960455,55595,1.525564,0,0.532294,0.836847,0,1.522808,0,0.535945,0.395783,0,1.52502,0,0.534451,0.441788,0,1.523374,0,0.533005,0.505903,0,67.334947
24,0.849589,0.043747,0.054529,0.056469,0.036479,0.419198,0.506528,0.44928,0.351279,69.194362,75.801802,54.223448,36.618745,0.859587,0.641713,0.687713,0.795213,0,0,0,0,155.359806,22.016823,58.495218,45.447694,23587,18112,15225,34227,13986,12769,0,3109,0,3326,0,3588,0,1088,4457,0,0,0,11074,5226,0.479411,0.498293,0.433075,0,0,48.59811,0.591733,160.107253,143.145478,141.806746,54420,1.52559,0,0.536738,0.707584,0,1.522837,0,0.534716,0.430921,0,1.525069,0,0.539579,0.445566,0,1.523473,0,0.538062,0.425633,0,61.028754
24,0.860667,0.046317,0.046119,0.052597,0.048098,0.504854,0.376259,0.530927,0.376803,81.043838,54.901842,80.921908,40.72774,0.914023,0.715248,0.760395,0.866211,0,0,0,0,265.782812,16.168642,119.62674,100.549745,25637,13503,17956,41788,17374,9404,0,3308,0,2448,0,5109,0,798,5192,0,0,0,12925,4521,0.490785,0.520781,0.446419,0,0,50.585926,0.604652,160.921082,144.816781,141.484118,56048,1.525539,0,0.534416,0.82309,0,1.522752,0,0.535486,0.426403,0,1.524982,0,0.537198,0.522117,0,1.523455,0,0.53681,0.526993,0,66.576469
24,0.85651,0.051728,0.047449,0.035804,0.051164,0.453568,0.42011,0.380132,0.516056,88.012846,61.127204,46.087713,76.39354,0.883895,0.755082,0.596412,0.813614,0,0,0,0,186.987748,17.112139,49.15664,108.738086,24385,15197,12633,44837,15359,10534,0,4048,0,2741,0,5256,0,1244,3669,0,0,0,9146,8299,0.492474,0.507921,0.44173,0,0,47.960591,0.615628,152.934036,139.293332,136.30391,55512,1.525652,0,0.534443,0.754975,0,1.522806,0,0.536628,0.401857,0,1.525025,0,0.53243,0.420945,0,1.523315,0,0.537433,0.509425,0,64.691805
24,0.85656,0.046158,0.044094,0.043902,0.041325,0.445377,0.448414,0.44054,0.42989,74.045548,73.027685,50.41751,52.909182,0.87494,0.748215,0.673651,0.810325,0,0,0,0,199.371786,18.912358,74.850666,81.852493,23833,15827,14428,43595,15357,11027,0,3254,0,2876,0,5067,0,1319,4200,0,0,0,10432,6474,0.488684,0.508063,0.442717,0,0,49.306597,0.613529,157.035599,139.062396,137.829784,55622,1.525556,0,0.538846,0.753796,0,1.522815,0,0.539511,0.442386,0,1.525096,0,0.537682,0.436705,0,1.523358,0,0.537286,0.468267,0,64.39551
24,0.845696,0.04938,0.046572,0.048696,0.041917,0.475183,0.39942,0.41063,0.431793,93.87783,50.233089,42.034865,39.949263,0.870924,0.732358,0.638204,0.804237,0,0,0,0,217.520284,16.104818,47.985483,78.262467,24360,14288,13841,43997,16224,9933,0,2783,0,2606,0,5144,0,1138,4053,0,0,0,10043,6846,0.475914,0.495788,0.427426,0,0,47.890969,0.599738,158.597941,137.690382,137.459123,53647,1.525565,0,0.535415,0.790551,0,1.522877,0,0.532938,0.411378,0,1.525104,0,0.535174,0.41688,0,1.523414,0,0.537363,0.446874,0,59.55379
24,0.846275,0.036679,0.056476,0.047662,0.042559,0.415768,0.445944,0.458986,0.393635,61.049931,64.439683,53.862174,45.50714,0.848903,0.652838,0.679774,0.812496,0,0,0,0,150.277526,18.162966,61.015564,60.358483,22177,15809,15137,36245,14271,11113,0,3724,0,2917,0,4062,0,1083,4399,0,0,0,10969,5800,0.478992,0.494686,0.429262,0,0,47.753152,0.603629,153.717491,141.524147,133.1831,53873,1.52561,0,0.536855,0.677263,0,1.522826,0,0.5371,0.41674,0,1.525067,0,0.537948,0.445092,0,1.523431,0,0.536766,0.441404,0,58.858573
24,0.850286,0.050355,0.046924,0.042067,0.047433,0.467585,0.407883,0.327212,0.532866,92.295163,65.865474,50.624022,71.976191,0.885227,0.729449,0.565442,0.771656,0,0,0,0,217.902094,17.970339,71.443324,90.242487,23904,14382,11053,43714,15834,9909,0,3960,0,2604,0,5115,0,1584,3214,0,0,0,7960,8834,0.479933,0.498179,0.430565,0,0,48.154283,0.59707,155.052843,143.749233,141.482531,54096,1.525631,0,0.534532,0.810724,0,1.522831,0,0.535568,0.447074,0,1.525121,0,0.535173,0.479567,0,1.523335,0,0.536767,0.473399,0,61.154656
24,0.85158,0.044237,0.048866,0.06236,0.039306,0.391215,0.419598,0.543834,0.391942,58.723877,59.472157,71.508372,40.908917,0.826933,0.673251,0.765854,0.875196,0,0,0,0,125.280316,17.427377,113.264225,55.007213,20022,15409,18206,38058,13265,10928,0,4466,0,2836,0,4341,0,737,5273,0,0,0,13121,4485,0.486255,0.501169,0.434833,0,0,45.927137,0.617517,146.432799,135.789578,133.778438,54631,1.525575,0,0.53477,0.624207,0,1.52281,0,0.531987,0.405768,0,1.525057,0,0.536389,0.51123,0,1.523428,0,0.534554,0.418164,0,61.997221
24,0.842803,0.035482,0.044552,0.053083,0.044852,0.389826,0.425442,0.423667,0.457281,68.423585,70.026367,48.89993,54.729524,0.825423,0.684336,0.649373,0.805528,0,0,0,0,119.620366,18.423809,62.029559,66.651395,20711,15176,14380,38607,13472,10664,0,4338,0,2803,0,4482,0,1053,4192,0,0,0,10448,6332,0.471767,0.487953,0.426337,0,0,45.145753,0.610427,150.84394,137.259601,130.968253,53573,1.525619,0,0.538479,0.650432,0,1.52291,0,0.535847,0.441245,0,1.525138,0,0.54007,0.438051,0,1.52336,0,0.535985,0.43084,0,57.742871
24,0.86622,0.045451,0.047921,0.045599,0.056205,0.37926,0.4359,0.49517,0.489214,66.278391,66.890869,78.929654,64.01586,0.849091,0.735925,0.718406,0.862973,0,0,0,0,121.899845,18.942886,117.783873,91.768768,20520,15857,16364,42922,13022,11153,0,5526,0,2893,0,4927,0,1001,4743,0,0,0,11802,5958,0.498176,0.513577,0.448806,0,0,46.810122,0.643885,155.68388,135.202501,130.636176,56403,1.525603,0,0.538042,0.640206,0,1.522825,0,0.534182,0.430688,0,1.525012,0,0.536027,0.547564,0,1.523338,0,0.538228,0.449841,0,70.546982
24,0.858414,0.056252,0.038178,0.046833,0.052149,0.551374,0.368448,0.392618,0.463843,99.778246,47.849528,42.484188,55.435974,0.918602,0.757778,0.605322,0.834906,0,0,0,0,260.606801,15.341299,45.013379,99.152164,27382,13385,13184,45163,18557,9239,0,1899,0,2432,0,5555,0,1060,3856,0,0,0,9579,8252,0.491976,0.514003,0.445418,0,0,49.817786,0.602436,159.606786,144.136051,140.594911,55961,1.525522,0,0.535396,0.771856,0,1.522834,0,0.539814,0.413511,0,1.525057,0,0.538282,0.436132,0,1.523378,0,0.536821,0.494715,0,64.943225
24,0.845767,0.047215,0.049154,0.049789,0.038338,0.414164,0.475697,0.435136,0.381398,78.533609,93.104078,49.992443,44.620758,0.856989,0.614334,0.649009,0.790759,0,0,0,0,176.840806,20.140138,76.245959,56.837629,23044,16874,14038,32243,14316,11806,0,3370,0,3106,0,3503,0,1213,4085,0,0,0,10189,6310,0.474946,0.489066,0.42844,0,0,48.70498,0.590238,156.524379,143.085263,142.491583,53844,1.525681,0,0.537452,0.769423,0,1.522794,0,0.541399,0.463731,0,1.525116,0,0.535692,0.431149,0,1.5234,0,0.539281,0.446775,0,58.73812
24,0.850571,0.046668,0.045197,0.043987,0.054949,0.449136,0.382017,0.461232,0.4378,74.801364,45.461641,53.744637,44.922689,0.864771,0.711944,0.676582,0.801465,0,0,0,0,156.107513,16.499215,71.979621,79.966047,22906,13876,15325,40388,14981,9696,0,4565,0,2554,0,4981,0,953,4462,0,0,0,11094,5356,0.481893,0.496828,0.432686,0,0,47.177117,0.609269,157.83818,140.155732,136.827897,54367,1.525604,0,0.537123,0.679735,0,1.522922,0,0.536385,0.415034,0,1.524985,0,0.535541,0.446037,0,1.523429,0,0.536528,0.457555,0,62.532385
24,0.862358,0.047662,0.048355,0.051601,0.044303,0.446381,0.442184,0.425709,0.476517,89.261708,61.484481,47.69511,56.758487,0.894802,0.753347,0.65395,0.833899,0,0,0,0,292.315358,17.683638,63.478155,112.557451,24769,15736,14307,44018,15431,10923,0,4047,0,2888,0,5108,0,1159,4158,0,0,0,10350,7186,0.497437,0.516199,0.447458,0,0,48.636324,0.619437,156.221865,139.777955,138.252415,56232,1.52555,0,0.535636,0.936097,0,1.522882,0,0.536695,0.420731,0,1.525058,0,0.532026,0.449441,0,1.523297,0,0.535018,0.496489,0,67.955059
24,0.851898,0.044839,0.040053,0.050925,0.049207,0.426592,0.428524,0.50102,0.385549,58.536749,82.401208,67.375366,39.540274,0.865567,0.673413,0.741025,0.801291,0,0,0,0,243.68806,19.188202,95.403924,74.081076,23784,15529,16856,36649,14492,10822,0,4326,0,2835,0,4343,0,1061,4875,0,0,0,12160,3906,0.475116,0.49608,0.42598,0,0,47.868748,0.605273,155.637947,139.852659,141.011993,53468,1.525658,0,0.53498,0.755735,0,1.522781,0,0.536952,0.437013,0,1.525058,0,0.532246,0.487642,0,1.52339,0,0.535281,0.441311,0,62.372051
24,0.856226,0.056703,0.051428,0.04634,0.035579,0.411214,0.51797,0.418476,0.425491,60.3783,84.658382,44.925295,45.456221,0.875696,0.728413,0.654256,0.804326,0,0,0,0,197.967368,22.13918,51.625867,80.830034,24533,18787,14019,42693,14097,13109,0,3305,0,3396,0,4407,0,1280,4080,0,0,0,10172,6674,0.493544,0.512277,0.442516,0,0,49.610146,0.613272,150.693111,139.9456,137.560451,55594,1.52564,0,0.538272,0.757039,0,1.522761,0,0.536008,0.427199,0,1.525086,0,0.53719,0.430739,0,1.523313,0,0.5367,0.457533,0,64.833161
24,0.857755,0.048529,0.051157,0.054087,0.042772,0.420998,0.44636,0.491494,0.410868,54.78987,59.58302,66.571712,49.829001,0.868618,0.72204,0.708361,0.832134,0,0,0,0,148.348828,19.096063,69.250961,71.801708,23216,16462,16366,40854,14153,11567,0,4289,0,3010,0,4682,0,850,4766,0,0,0,11866,5090,0.491617,0.511024,0.443974,0,0,48.79937,0.617451,153.854111,141.179997,134.701073,55740,1.52558,0,0.53353,0.663331,0,1.522832,0,0.534506,0.415346,0,1.525018,0,0.538396,0.469412,0,1.523395,0,0.535293,0.458874,0,65.381257
24,0.859733,0.055811,0.039533,0.041112,0.052044,0.428862,0.399614,0.442115,0.514118,80.402984,53.804147,55.366657,84.74905,0.866034,0.751943,0.665607,0.841075,0,0,0,0,172.577943,15.405636,81.423943,156.750406,22073,14094,15012,44830,14495,9804,0,5242,0,2588,0,5359,0,991,4354,0,0,0,10842,6703,0.493178,0.510684,0.444483,0,0,47.699529,0.629745,146.441619,140.131615,131.142197,55836,1.525588,0,0.537601,0.704184,0,1.522807,0,0.538314,0.403741,0,1.525082,0,0.535729,0.486579,0,1.523328,0,0.535246,0.578763,0,66.643763
24,0.858884,0.046689,0.04186,0.055227,0.045858,0.477663,0.440761,0.453679,0.403791,79.672332,57.186745,49.898335,49.691108,0.893464,0.722765,0.671503,0.827912,0,0,0,0,213.136489,18.667368,73.090275,77.360328,25551,16080,15339,39667,16066,11241,0,2775,0,2958,0,4736,0,888,4466,0,0,0,11132,5974,0.491897,0.513376,0.446087,0,0,50.111032,0.605093,154.046426,142.277312,140.905502,55987,1.525565,0,0.536441,0.754335,0,1.522779,0,0.535487,0.407492,0,1.525107,0,0.536997,0.461629,0,1.523361,0,0.533546,0.475206,0,66.164658
24,0.862685,0.045028,0.059795,0.047202,0.048302,0.437002,0.478778,0.409355,0.470863,72.197613,76.405393,55.207594,59.779882,0.898068,0.741086,0.650173,0.82154,0,0,0,0,170.816229,20.741156,69.379246,119.935959,24057,16912,13822,44262,15100,11766,0,3923,0,3072,0,4821,0,1339,4011,0,0,0,10001,7346,0.499425,0.514719,0.446411,0,0,49.782477,0.615847,156.311908,142.253195,138.768386,56068,1.52557,0,0.535614,0.701446,0,1.52281,0,0.537476,0.432142,0,1.525059,0,0.536991,0.490713,0,1.523356,0,0.537366,0.496508,0,68.71769
24,0.859542,0.038264,0.048854,0.042448,0.062573,0.495667,0.448517,0.421879,0.405253,93.89078,67.359005,48.510182,42.623918,0.89163,0.735514,0.650949,0.804761,0,0,0,0,257.151963,19.157726,58.64728,76.355592,25765,16222,14056,41413,16212,11352,0,2393,0,2943,0,4880,0,1205,4105,0,0,0,10221,6621,0.489322,0.507297,0.442064,0,0,49.8449,0.595945,157.968326,144.827367,144.4625,55520,1.525537,0,0.534466,0.779237,0,1.522748,0,0.535964,0.427955,0,1.525011,0,0.538936,0.453803,0,1.523497,0,0.538505,0.456568,0,66.557465
24,0.849312,0.048123,0.055937,0.037864,0.051708,0.443903,0.445055,0.366147,0.472955,77.226465,58.611734,34.526627,52.482037,0.87839,0.701399,0.585035,0.782548,0,0,0,0,223.937339,17.063428,43.890933,65.982005,24044,15850,12270,42265,15198,11031,0,3629,0,2902,0,4567,0,1218,3599,0,0,0,8931,7797,0.479482,0.496198,0.431122,0,0,47.348852,0.605901,151.940077,142.46371,137.018913,54148,1.525502,0,0.537681,0.793418,0,1.522859,0,0.539397,0.40165,0,1.525125,0,0.538479,0.426471,0,1.523424,0,0.537641,0.434811,0,61.123681
24,0.859034,0.054469,0.049963,0.032363,0.050491,0.411308,0.493026,0.42157,0.454144,52.967606,113.55311,45.098463,53.753066,0.882737,0.720753,0.657098,0.791704,0,0,0,0,124.422913,21.928589,64.942738,83.352673,24425,17523,13833,39624,13969,12169,0,4607,0,3186,0,4514,0,1426,4006,0,0,0,10008,6575,0.49255,0.515755,0.447233,0,0,49.562704,0.623259,154.232273,142.073167,140.169269,56142,1.525652,0,0.536134,0.611253,0,1.522768,0,0.535954,0.500727,0,1.525021,0,0.533666,0.435651,0,1.523325,0,0.532838,0.465001,0,66.158912
24,0.862068,0.044921,0.039727,0.057535,0.04551,0.432009,0.364959,0.537625,0.460191,73.75013,43.8027,67.240906,54.508349,0.874603,0.741124,0.760589,0.871086,0,0,0,0,170.187608,13.923396,110.202183,105.840572,21986,13438,18304,44697,14518,9440,0,5873,0,2468,0,5355,0,649,5290,0,0,0,13167,4317,0.495925,0.521429,0.449959,0,0,48.032134,0.639208,151.677108,136.814626,137.771023,56503,1.525563,0,0.537359,0.714463,0,1.522829,0,0.534609,0.394602,0,1.525,0,0.535918,0.49552,0,1.52334,0,0.534902,0.503913,0,68.464614
24,0.843635,0.04996,0.04468,0.048216,0.039671,0.437731,0.436674,0.414801,0.399962,67.472111,56.463611,52.902172,45.244376,0.853997,0.669438,0.64882,0.777182,0,0,0,0,217.734482,18.988077,60.573621,56.459277,24088,15783,13947,37228,14679,10979,0,3440,0,2886,0,4257,0,1219,4080,0,0,0,10156,6006,0.474032,0.486244,0.426585,0,0,47.631694,0.597601,155.333516,141.277144,139.43467,53588,1.525646,0,0.53471,0.780265,0,1.522881,0,0.533074,0.42162,0,1.525093,0,0.536697,0.469123,0,1.523369,0,0.535474,0.432183,0,57.649527
24,0.849126,0.048589,0.050758,0.039714,0.038891,0.503917,0.470603,0.355708,0.391627,96.612865,69.272647,39.128347,38.708728,0.930882,0.670797,0.598641,0.725834,0,0,0,0,375.50509,20.774151,43.366044,102.509284,27826,16630,11674,36603,17220,11449,0,2421,0,3029,0,4144,0,1638,3429,0,0,0,8549,6876,0.476366,0.495343,0.428687,0,0,50.46555,0.569025,164.271584,149.043388,147.515253,53849,1.525548,0,0.533659,0.968243,0,1.522921,0,0.534029,0.452617,0,1.525097,0,0.533678,0.424175,0,1.523326,0,0.535047,0.514721,0,60.158541
24,0.83989,0.042918,0.061927,0.040379,0.0308,0.378819,0.520194,0.425057,0.362041,57.095701,72.219938,43.491407,35.527878,0.821314,0.628175,0.66452,0.765581,0,0,0,0,150.344943,24.370781,51.02192,50.698291,22142,18772,14094,33873,12439,13170,0,3475,0,3450,0,3340,0,1357,4106,0,0,0,10278,5545,0.467906,0.48176,0.420956,0,0,46.47603,0.594973,155.432277,142.681403,139.265024,52887,1.525621,0,0.538308,0.694812,0,1.522895,0,0.536864,0.416918,0,1.525082,0,0.534617,0.4322,0,1.523405,0,0.538027,0.418526,0,55.268146
24,0.85583,0.03847,0.053603,0.050883,0.036445,0.384974,0.473817,0.476755,0.421323,52.192939,67.386538,47.989395,43.385335,0.855027,0.679447,0.716098,0.832379,0,0,0,0,127.100586,19.842079,68.18757,60.29033,22136,17121,16191,37847,13108,12048,0,4849,0,3154,0,4123,0,1023,4713,0,0,0,11761,5238,0.486347,0.508095,0.439438,0,0,48.005219,0.625496,147.543638,137.654167,137.352856,55205,1.525625,0,0.537888,0.631464,0,1.522762,0,0.534608,0.406299,0,1.52513,0,0.535262,0.447941,0,1.523334,0,0.53663,0.428773,0,64.498383
24,0.854601,0.044466,0.043083,0.045844,0.053897,0.411549,0.420355,0.36657,0.554512,69.997225,62.5441,34.988599,70.593427,0.86452,0.72803,0.601631,0.804935,0,0,0,0,118.822529,17.256703,40.314701,80.823135,22198,14832,12418,44514,13920,10292,0,5593,0,2697,0,5020,0,1323,3657,0,0,0,9010,8262,0.488022,0.505202,0.440136,0,0,46.763858,0.635634,145.356161,134.584226,134.232445,55308,1.525584,0,0.534845,0.627212,0,1.522739,0,0.535533,0.419701,0,1.525123,0,0.534979,0.404675,0,1.523412,0,0.536121,0.44401,0,63.860411
24,0.846534,0.055254,0.043982,0.049785,0.047049,0.506433,0.393282,0.445298,0.390216,91.888076,50.129544,62.940925,37.672906,0.897439,0.707785,0.657417,0.815492,0,0,0,0,215.747706,16.714838,72.599572,71.479849,26193,14031,14949,39783,17304,9806,0,2383,0,2586,0,4912,0,879,4366,0,0,0,10832,6066,0.478821,0.504902,0.433921,0,0,49.043163,0.59276,161.684749,143.839225,142.274453,54530,1.525522,0,0.535812,0.745352,0,1.522892,0,0.537543,0.416218,0,1.525064,0,0.538052,0.484636,0,1.523369,0,0.535971,0.467788,0,61.475192
24,0.842409,0.043587,0.0487,0.050395,0.042398,0.444177,0.462048,0.462211,0.338,67.44562,81.85062,73.093413,31.362046,0.841762,0.672232,0.711412,0.791048,0,0,0,0,239.149008,22.398961,104.865438,62.16366,22450,16778,15770,35697,14532,11729,0,2499,0,3068,0,4124,0,1177,4577,0,0,0,11399,4679,0.472615,0.485781,0.423705,0,0,47.266751,0.581924,160.660251,143.689288,137.344355,53246,1.525685,0,0.535051,0.763382,0,1.522855,0,0.539314,0.470266,0,1.525014,0,0.540115,0.54353,0,1.523466,0,0.537477,0.454973,0,57.393036
24,0.854992,0.046075,0.047243,0.044158,0.057585,0.387148,0.453558,0.43099,0.490797,57.478004,56.250926,45.663953,75.794028,0.865673,0.725473,0.648862,0.8046,0,0,0,0,127.466941,19.545693,44.162958,78.597593,21447,16562,14332,41900,13371,11595,0,5299,0,3049,0,4683,0,1032,4201,0,0,0,10421,6344,0.491664,0.506067,0.442589,0,0,47.029221,0.634504,150.570566,136.529672,134.614292,55563,1.525636,0,0.539236,0.659609,0,1.522847,0,0.535438,0.404693,0,1.525005,0,0.537795,0.397453,0,1.523325,0,0.536539,0.471947,0,64.764763
24,0.867932,0.051905,0.038569,0.053815,0.049983,0.491508,0.449224,0.462968,0.418546,75.519112,68.15966,57.892556,43.290399,0.915693,0.74564,0.67461,0.865728,0,0,0,0,551.452649,18.53555,84.298702,176.110218,27232,16562,15483,42984,16870,11598,0,2181,0,3050,0,4887,0,877,4496,0,0,0,11210,6833,0.500469,0.525106,0.451072,0,0,50.639136,0.611054,154.26438,144.345128,143.958927,56682,1.525542,0,0.533341,1.248651,0,1.522775,0,0.53637,0.427314,0,1.52501,0,0.535997,0.481861,0,1.523381,0,0.537838,0.5955,0,70.591307
24,0.851648,0.034601,0.044688,0.050339,0.053105,0.293855,0.461744,0.519402,0.465245,36.571865,68.822457,79.198976,67.54039,0.790029,0.670148,0.748946,0.865702,0,0,0,0,70.359198,19.880611,116.188661,64.508728,16369,16769,17396,39581,10154,11880,0,6703,0,3092,0,4083,0,918,5027,0,0,0,12559,5005,0.478962,0.501386,0.431374,0,0,44.036295,0.633098,143.070089,131.320144,130.410739,54156,1.525713,0,0.536557,0.508174,0,1.522817,0,0.539906,0.415639,0,1.52501,0,0.537777,0.526095,0,1.523372,0,0.537826,0.426351,0,62.100403
24,0.859561,0.047288,0.054152,0.046409,0.054748,0.462906,0.456253,0.374119,0.485246,76.458072,73.609775,36.869875,59.163823,0.892053,0.751684,0.613607,0.787632,0,0,0,0,176.903593,20.599588,39.937562,89.466212,25533,16039,12478,42601,15581,11098,0,3563,0,2890,0,5090,0,1459,3658,0,0,0,9085,7720,0.489743,0.506186,0.442688,0,0,49.173362,0.612452,162.809865,146.030377,141.883065,55642,1.525536,0,0.535407,0.631864,0,1.522827,0,0.537893,0.454849,0,1.525105,0,0.537503,0.416719,0,1.523297,0,0.535309,0.470661,0,66.289248
24,0.855271,0.048636,0.046945,0.037631,0.056164,0.418907,0.427378,0.419624,0.486504,62.279521,60.160951,44.768227,65.578283,0.871242,0.700348,0.632675,0.825834,0,0,0,0,140.38579,17.555836,54.741842,76.494662,22513,15192,14033,40742,14369,10639,0,4900,0,2776,0,4668,0,1011,4094,0,0,0,10201,7182,0.486265,0.508493,0.441538,0,0,47.125129,0.621346,153.284895,139.190188,135.573175,55460,1.525641,0,0.536481,0.647119,0,1.522771,0,0.540414,0.412409,0,1.525073,0,0.53568,0.436417,0,1.523336,0,0.537377,0.458412,0,63.567009
24,0.85599,0.043066,0.03369,0.042922,0.061478,0.456577,0.372685,0.364878,0.57385,80.840926,47.790138,37.167112,84.451351,0.864894,0.75532,0.581769,0.824335,0,0,0,0,131.97907,14.694899,38.648573,91.789178,21250,13127,12205,45768,14933,9150,0,5126,0,2390,0,5568,0,1207,3583,0,0,0,8850,8973,0.490574,0.505858,0.443106,0,0,46.531826,0.625228,149.50628,136.497417,133.227235,55633,1.525547,0,0.537132,0.59143,0,1.522894,0,0.534524,0.402013,0,1.525099,0,0.537141,0.413992,0,1.523339,0,0.535485,0.457758,0,66.654768
24,0.860512,0.048498,0.043964,0.046587,0.047806,0.468138,0.467717,0.438335,0.409627,79.032472,68.252098,49.364152,36.854495,0.889781,0.754238,0.677748,0.827254,0,0,0,0,218.506327,19.119311,60.791134,96.716178,26186,16701,14593,45035,16139,11602,0,2206,0,3026,0,4996,0,1320,4230,0,0,0,10545,6750,0.494708,0.51169,0.443935,0,0,49.830276,0.606147,159.515772,142.091246,140.148231,55744,1.525525,0,0.538189,0.758881,0,1.522808,0,0.536032,0.418286,0,1.52503,0,0.536259,0.445743,0,1.523397,0,0.535346,0.491645,0,67.969757
24,0.854023,0.060668,0.039121,0.038559,0.049327,0.492406,0.417767,0.470666,0.367134,88.31374,48.909478,58.404865,37.613951,0.887663,0.631171,0.699926,0.842207,0,0,0,0,389.09866,15.573879,91.577847,86.012603,24643,15041,16042,34670,16179,10569,0,2965,0,2788,0,3956,0,933,4650,0,0,0,11557,5765,0.48036,0.510701,0.43744,0,0,48.63197,0.59357,149.021667,142.07281,143.13551,54922,1.525572,0,0.537172,1.032194,0,1.522796,0,0.537936,0.389312,0,1.52502,0,0.537061,0.494052,0,1.523466,0,0.53954,0.482416,0,63.579483
24,0.846334,0.04052,0.046966,0.056023,0.045806,0.385507,0.415586,0.491795,0.420936,58.438439,49.403205,58.761261,40.591773,0.824362,0.655339,0.706254,0.844056,0,0,0,0,133.727013,16.106333,73.965185,53.936805,20683,15134,16274,38445,13323,10685,0,4493,0,2791,0,4198,0,888,4726,0,0,0,11781,5510,0.477771,0.491363,0.426659,0,0,46.007191,0.618267,149.772775,138.595018,136.019247,53618,1.525592,0,0.534904,0.672598,0,1.522914,0,0.533574,0.398384,0,1.525089,0,0.536153,0.449483,0,1.523417,0,0.534399,0.409322,0,59.794492
24,0.852525,0.045095,0.047494,0.051134,0.042641,0.414425,0.503135,0.407361,0.432658,61.170116,93.997439,40.203173,50.763049,0.869668,0.695297,0.660273,0.796774,0,0,0,0,179.182586,21.793156,54.020895,65.500416,23913,17939,13515,40492,14063,12454,0,3682,0,3283,0,4169,0,1554,3946,0,0,0,9807,6976,0.489456,0.506232,0.439341,0,0,48.489686,0.613577,150.462398,140.704287,136.505,55220,1.525556,0,0.534504,0.728472,0,1.52275,0,0.535591,0.445773,0,1.525099,0,0.537613,0.430794,0,1.523423,0,0.536984,0.43421,0,62.311544
24,0.845438,0.039302,0.049612,0.05081,0.046197,0.385666,0.427788,0.461525,0.434363,54.246546,55.812486,50.51493,40.817104,0.819088,0.663106,0.680517,0.818123,0,0,0,0,96.31748,18.02119,70.496288,60.418159,20636,15112,15210,38896,13006,10607,0,4811,0,2785,0,4282,0,1048,4429,0,0,0,11002,5903,0.477138,0.489592,0.429835,0,0,45.64811,0.620266,149.393986,134.858232,135.0926,53968,1.525621,0,0.535741,0.567701,0,1.522831,0,0.537482,0.410814,0,1.525098,0,0.535773,0.447167,0,1.523417,0,0.535195,0.417372,0,58.874695
24,0.854308,0.060787,0.040446,0.039913,0.039034,0.463192,0.438447,0.458303,0.390336,95.86766,73.598546,62.250989,35.810066,0.889596,0.732625,0.68246,0.792978,0,0,0,0,313.206367,19.5338,72.949424,166.476056,24848,15666,15231,40072,15756,10942,0,3339,0,2850,0,4932,0,1082,4420,0,0,0,11036,5216,0.479934,0.501449,0.431473,0,0,48.7882,0.593008,162.223209,145.490744,140.419975,54225,1.525645,0,0.538305,0.929017,0,1.522756,0,0.537797,0.427909,0,1.525056,0,0.537251,0.458918,0,1.523384,0,0.535216,0.544069,0,64.086759
24,0.855382,0.049854,0.042231,0.039404,0.055621,0.489422,0.397563,0.37814,0.500796,100.337127,60.263327,44.375117,58.920413,0.88656,0.771533,0.607996,0.819849,0,0,0,0,243.546679,16.808864,57.5974,113.37823,24280,13749,12886,45783,16459,9536,0,3422,0,2474,0,5658,0,1257,3747,0,0,0,9322,8219,0.488031,0.510856,0.440467,0,0,47.896212,0.612523,156.245946,143.317618,138.267802,55302,1.525566,0,0.537102,0.830469,0,1.522832,0,0.538394,0.432387,0,1.525015,0,0.538553,0.450188,0,1.523386,0,0.537222,0.501103,0,64.449653
24,0.851352,0.045517,0.033747,0.057222,0.05501,0.449806,0.333892,0.495276,0.461876,67.916142,39.589666,60.862198,55.21127,0.863602,0.690797,0.716301,0.848061,0,0,0,0,152.97998,13.489389,78.867486,90.372079,21206,11975,16777,40788,15102,8335,0,5547,0,2206,0,5074,0,790,4865,0,0,0,12086,5193,0.482845,0.501149,0.433516,0,0,46.401056,0.620347,154.012764,138.762186,135.938025,54490,1.525551,0,0.53462,0.661862,0,1.522879,0,0.535211,0.409664,0,1.525069,0,0.537324,0.464919,0,1.523401,0,0.53787,0.474904,0,62.150531
24,0.844406,0.053802,0.041287,0.043654,0.054511,0.471815,0.419171,0.382116,0.431932,79.732031,56.315107,35.411995,52.408407,0.874972,0.681304,0.609862,0.778352,0,0,0,0,177.05472,17.954812,46.377981,62.156826,24707,14944,12930,39003,15853,10382,0,3098,0,2723,0,4521,0,1208,3794,0,0,0,9409,7046,0.475553,0.489993,0.427327,0,0,48.080317,0.59008,160.195203,140.113259,141.141727,53711,1.525618,0,0.535555,0.703503,0,1.522829,0,0.534464,0.417754,0,1.525115,0,0.530587,0.425596,0,1.523417,0,0.536342,0.445025,0,57.88706
24,0.844764,0.045245,0.053988,0.040762,0.044408,0.359505,0.48264,0.399756,0.470794,47.541136,76.529076,43.603105,60.899338,0.832595,0.695986,0.636214,0.778524,0,0,0,0,124.62359,21.458351,52.445025,57.882507,20470,17105,13272,39622,12321,11973,0,5168,0,3110,0,4331,0,1394,3869,0,0,0,9638,6742,0.476018,0.495425,0.429162,0,0,47.069598,0.612146,155.751651,138.717569,133.078456,53926,1.525684,0,0.539212,0.654028,0,1.522927,0,0.534082,0.447869,0,1.525006,0,0.537627,0.44071,0,1.523358,0,0.536394,0.419474,0,58.341663
24,0.845817,0.057207,0.046229,0.047154,0.045232,0.472451,0.390064,0.400694,0.445717,88.449838,53.263939,46.281813,43.789829,0.878708,0.68963,0.627094,0.775545,0,0,0,0,288.416811,16.752779,57.300789,100.015035,23003,13909,13585,40020,15784,9654,0,3989,0,2524,0,4783,0,1167,3950,0,0,0,9838,6394,0.470248,0.492663,0.425982,0,0,47.056579,0.600445,160.838637,140.027462,137.91812,53537,1.525641,0,0.534216,0.902686,0,1.522853,0,0.538123,0.415376,0,1.525085,0,0.537366,0.445274,0,1.52339,0,0.537126,0.4866,0,57.860247
24,0.860978,0.046813,0.039709,0.046816,0.058733,0.465322,0.402096,0.417978,0.493528,66.71065,52.838101,61.875121,61.663685,0.89717,0.748567,0.628694,0.833031,0,0,0,0,215.083183,16.546105,83.938962,85.929125,24326,14358,14073,44230,16082,9982,0,4014,0,2618,0,5299,0,975,4087,0,0,0,10182,7392,0.491438,0.511544,0.446372,0,0,48.516525,0.615711,150.692694,140.964087,138.135278,56090,1.525535,0,0.534882,0.727183,0,1.522811,0,0.530708,0.414523,0,1.524977,0,0.532103,0.489083,0,1.523431,0,0.533951,0.461453,0,68.029491
24,0.843559,0.047491,0.049711,0.049002,0.0404,0.480559,0.465083,0.444209,0.315555,83.93741,58.52748,49.508107,30.520069,0.882645,0.637645,0.676376,0.776317,0,0,0,0,245.500005,20.986444,68.708861,58.731911,25483,16876,14918,32597,15955,11792,0,2014,0,3105,0,3741,0,1096,4367,0,0,0,10887,4997,0.469155,0.495537,0.426047,0,0,48.764706,0.572658,165.164155,146.490177,146.133264,53543,1.525628,0,0.538637,0.823965,0,1.522875,0,0.537955,0.430458,0,1.525136,0,0.533692,0.467664,0,1.523335,0,0.533772,0.454454,0,58.416326
24,0.869877,0.049767,0.048043,0.043693,0.054737,0.469029,0.39812,0.458049,0.499501,92.612954,54.173607,53.134195,63.136405,0.91461,0.798162,0.675861,0.853211,0,0,0,0,229.615409,15.541569,74.433623,173.311651,23828,14377,15650,48209,15999,10047,0,4790,0,2611,0,5808,0,831,4536,0,0,0,11291,6405,0.503511,0.526067,0.452663,0,0,48.769116,0.636413,155.545129,139.195323,138.206395,56873,1.525553,0,0.537252,0.813458,0,1.522824,0,0.538227,0.399515,0,1.525008,0,0.538817,0.445777,0,1.523305,0,0.538766,0.552416,0,72.871641
24,0.85429,0.043503,0.037834,0.053669,0.05511,0.445799,0.365054,0.451589,0.479353,81.833823,51.509839,52.776065,52.630099,0.866847,0.710975,0.667792,0.830881,0,0,0,0,200.035131,15.165619,67.461415,78.716019,22169,13229,15254,41850,14798,9232,0,5334,0,2426,0,5085,0,878,4444,0,0,0,11060,6147,0.489387,0.502639,0.43785,0,0,47.139229,0.623245,152.460866,140.124805,136.885068,55030,1.52555,0,0.540025,0.765579,0,1.522783,0,0.534178,0.419435,0,1.525093,0,0.537997,0.456331,0,1.523413,0,0.538052,0.450703,0,63.257937
24,0.851516,0.037928,0.059405,0.035115,0.052896,0.4232,0.459743,0.376941,0.491415,65.753904,68.225227,47.480791,47.516364,0.884565,0.737854,0.629371,0.773738,0,0,0,0,142.417694,19.290019,63.105293,80.343713,23831,16098,12826,43497,14624,11143,0,4629,0,2907,0,4935,0,1518,3738,0,0,0,9289,7095,0.486648,0.508355,0.438283,0,0,48.847564,0.616443,153.723942,139.691155,138.763334,55000,1.525586,0,0.536658,0.652558,0,1.522862,0,0.532712,0.444124,0,1.525005,0,0.53368,0.465435,0,1.523406,0,0.535104,0.445338,0,63.047058
24,0.860268,0.062036,0.037929,0.043524,0.044984,0.592824,0.423454,0.363659,0.398472,130.502087,55.230599,42.244594,39.657592,0.938233,0.729742,0.608254,0.783375,0,0,0,0,497.304412,17.568298,41.742808,82.938342,29237,15038,12092,42341,19299,10303,0,672,0,2717,0,5020,0,1614,3517,0,0,0,8756,8061,0.484077,0.507781,0.436363,0,0,51.331932,0.572712,169.516542,150.867827,148.809698,54846,1.525555,0,0.533259,1.023572,0,1.522915,0,0.535264,0.435199,0,1.524947,0,0.534419,0.436143,0,1.523391,0,0.534102,0.468887,0,68.009311
24,0.841667,0.037792,0.053213,0.037878,0.054071,0.418229,0.424646,0.34986,0.490228,61.299933,70.026067,33.697232,60.733975,0.851636,0.691452,0.573444,0.750874,0,0,0,0,163.468343,18.273359,35.511365,76.613392,23224,15229,11757,41330,14063,10575,0,4605,0,2784,0,4570,0,1322,3446,0,0,0,8553,7508,0.466609,0.483447,0.416492,0,0,45.852955,0.59506,149.819416,142.971277,134.68031,52339,1.525622,0,0.539414,0.694212,0,1.522883,0,0.538953,0.428238,0,1.525097,0,0.539397,0.408588,0,1.523465,0,0.539052,0.448185,0,55.73188
24,0.851986,0.042224,0.053426,0.050063,0.03576,0.437514,0.425933,0.481408,0.379552,73.244202,54.599515,80.626345,36.098537,0.847241,0.683545,0.700951,0.846954,0,0,0,0,223.628938,16.873549,83.63514,66.899948,23417,15534,15915,39041,15034,10894,0,2726,0,2857,0,4428,0,970,4634,0,0,0,11497,5963,0.480745,0.502998,0.436083,0,0,48.017809,0.604668,153.066077,142.603836,137.865107,54811,1.525587,0,0.537674,0.804717,0,1.52285,0,0.535895,0.395046,0,1.525026,0,0.54005,0.494148,0,1.523432,0,0.539783,0.44416,0,61.264214
24,0.848664,0.047407,0.044986,0.045837,0.058637,0.434135,0.41456,0.388173,0.489004,74.142483,56.568834,44.172807,58.720616,0.860796,0.718782,0.614648,0.790565,0,0,0,0,186.219331,16.39883,60.675833,76.949154,22442,14662,13093,42599,14615,10229,0,4474,0,2677,0,4942,0,1214,3825,0,0,0,9492,7245,0.476228,0.496604,0.429405,0,0,46.18233,0.605607,152.980656,137.86376,135.247616,53976,1.525592,0,0.534714,0.725804,0,1.522874,0,0.534221,0.414501,0,1.525089,0,0.532355,0.450409,0,1.523405,0,0.534932,0.448197,0,60.121198
24,0.853247,0.047813,0.046464,0.046511,0.049408,0.420687,0.417555,0.437542,0.471439,57.920771,64.71192,54.120488,53.164533,0.854995,0.739439,0.656199,0.809987,0,0,0,0,140.109261,17.755474,65.535041,99.95629,21566,14927,14579,43632,14044,10468,0,4868,0,2712,0,5123,0,1049,4246,0,0,0,10553,6305,0.48437,0.5024,0.436155,0,0,46.855613,0.621688,152.129394,139.514951,134.976711,54755,1.525613,0,0.534254,0.638713,0,1.522847,0,0.536344,0.434338,0,1.52507,0,0.534923,0.460328,0,1.523361,0,0.533993,0.478747,0,62.044459
24,0.85413,0.036024,0.041638,0.06016,0.049756,0.368488,0.42577,0.536946,0.41625,51.289693,68.768446,71.553559,45.215269,0.827776,0.693738,0.771367,0.862457,0,0,0,0,110.112411,17.98688,117.037851,58.218978,21113,15186,18160,38388,12733,10669,0,5517,0,2792,0,4588,0,831,5253,0,0,0,13103,4185,0.485398,0.505073,0.4364,0,0,45.779268,0.626103,148.341208,135.596989,134.561838,54860,1.525521,0,0.537731,0.591592,0,1.522783,0,0.536911,0.423261,0,1.525072,0,0.536124,0.521104,0,1.523442,0,0.534993,0.422911,0,63.103749
24,0.848131,0.046568,0.048709,0.038779,0.047191,0.430705,0.500513,0.371415,0.417214,71.025259,76.567214,38.268059,34.514481,0.859663,0.646343,0.619666,0.778117,0,0,0,0,153.594499,21.522011,42.457006,55.895504,24121,17854,12468,37868,14177,12433,0,3128,0,3257,0,3695,0,1518,3665,0,0,0,9082,7485,0.475562,0.496931,0.431501,0,0,48.038729,0.600285,156.113403,143.784728,140.124287,54213,1.525628,0,0.538487,0.690434,0,1.52281,0,0.537778,0.422433,0,1.525031,0,0.539813,0.42534,0,1.523485,0,0.536655,0.413868,0,60.104924
24,0.861367,0.054176,0.042797,0.043778,0.048064,0.495961,0.498966,0.390445,0.408326,104.465174,68.26279,46.15926,47.087822,0.907468,0.736466,0.622046,0.780996,0,0,0,0,422.764988,22.011692,57.324006,94.564799,26941,18109,13083,42116,16203,12591,0,1955,0,3305,0,4569,0,1348,3794,0,0,0,9490,7005,0.491221,0.512315,0.447545,0,0,50.73155,0.592174,160.844739,149.687358,145.571425,56233,1.525564,0,0.535446,1.047663,0,1.522773,0,0.537503,0.420552,0,1.525057,0,0.534988,0.459041,0,1.523324,0,0.536306,0.501222,0,68.050169
24,0.854675,0.041523,0.049601,0.044089,0.057658,0.4452,0.412377,0.433426,0.465505,78.289721,50.832513,58.996571,51.778129,0.869681,0.73183,0.658114,0.834937,0,0,0,0,243.936747,17.098211,82.285762,80.845066,22722,14781,14688,42410,15198,10302,0,3920,0,2698,0,5058,0,1058,4253,0,0,0,10588,6890,0.482884,0.508701,0.437822,0,0,48.35198,0.613991,155.693745,138.370527,137.091154,54967,1.525552,0,0.535695,0.842958,0,1.522864,0,0.532754,0.406472,0,1.525044,0,0.53365,0.475757,0,1.523415,0,0.534365,0.443016,0,62.620186
24,0.850032,0.053536,0.064359,0.038638,0.033463,0.425854,0.527551,0.370056,0.413169,67.238152,88.215678,37.201454,45.142842,0.864275,0.708767,0.61264,0.784485,0,0,0,0,175.215871,23.086209,44.900736,55.969172,25345,18874,12531,39088,14372,13184,0,2368,0,3439,0,4169,0,1430,3670,0,0,0,9117,7597,0.482449,0.499162,0.431556,0,0,49.110225,0.595478,156.289898,145.380364,137.981469,54187,1.525649,0,0.53495,0.692637,0,1.522794,0,0.537003,0.436192,0,1.525091,0,0.536067,0.421353,0,1.52336,0,0.539416,0.43092,0,60.945141
24,0.852581,0.041792,0.04629,0.052309,0.049058,0.421725,0.488785,0.423366,0.416477,86.264806,84.649527,45.042119,48.213917,0.854331,0.681497,0.649815,0.784963,0,0,0,0,231.292185,22.228891,51.712172,63.74345,22286,17297,14056,38925,13527,12128,0,4138,0,3167,0,4133,0,1198,4100,0,0,0,10218,6123,0.474565,0.496672,0.431124,0,0,47.595272,0.610743,157.053799,145.934194,138.354575,54152,1.525625,0,0.538274,0.690976,0,1.522782,0,0.536874,0.451911,0,1.525107,0,0.53849,0.434375,0,1.523366,0,0.538435,0.435188,0,62.737885
24,0.859786,0.042947,0.051284,0.054382,0.03743,0.43252,0.451533,0.482106,0.411687,78.330405,72.152847,57.97345,54.451871,0.871894,0.73714,0.703866,0.851456,0,0,0,0,216.388781,19.723036,88.416218,95.199844,24010,16539,16338,42165,14901,11600,0,3296,0,3021,0,4826,0,871,4720,0,0,0,11779,5696,0.491898,0.512779,0.445549,0,0,48.507522,0.615698,155.621848,140.928456,138.248794,55966,1.525621,0,0.533377,0.812258,0,1.522787,0,0.535185,0.428333,0,1.525095,0,0.540259,0.490364,0,1.523325,0,0.535895,0.503839,0,65.224556
24,0.856807,0.043582,0.045664,0.054469,0.0468,0.404014,0.456787,0.425313,0.470268,58.424105,68.593809,50.762054,60.614283,0.864552,0.72108,0.64782,0.81246,0,0,0,0,152.172077,19.957262,56.982164,76.340998,23211,16539,14040,40523,13964,11580,0,4394,0,3020,0,4663,0,1190,4089,0,0,0,10187,6858,0.490104,0.50668,0.440014,0,0,47.873995,0.62113,162.834475,137.743686,136.325248,55262,1.52569,0,0.536618,0.691708,0,1.522807,0,0.53624,0.441417,0,1.525044,0,0.536021,0.440086,0,1.523347,0,0.536095,0.446933,0,64.051488
24,0.862358,0.044335,0.050717,0.058475,0.046611,0.539622,0.45929,0.420088,0.367802,120.81551,72.338402,49.372374,46.282699,0.946836,0.753884,0.653344,0.797621,0,0,0,0,492.432379,20.240015,58.931747,93.293636,29556,16412,14089,42164,18537,11349,0,1221,0,2976,0,5035,0,1213,4116,0,0,0,10220,6438,0.498602,0.511723,0.445183,0,0,51.725802,0.570722,162.683349,153.31038,149.737606,55955,1.525522,0,0.535235,1.123134,0,1.522779,0,0.529582,0.442942,0,1.525022,0,0.535755,0.462657,0,1.523458,0,0.535364,0.534827,0,68.230879
24,0.844283,0.044549,0.054552,0.044836,0.034555,0.472179,0.471697,0.375227,0.384816,100.997937,69.854766,35.345575,36.845006,0.872515,0.652116,0.612927,0.739234,0,0,0,0,467.444956,19.847959,51.935262,60.771952,24811,16524,12641,37470,15195,11481,0,2996,0,3030,0,3955,0,1390,3698,0,0,0,9198,6341,0.4629,0.48401,0.41565,0,0,47.815197,0.571795,163.561147,148.432838,140.020814,52218,1.525627,0,0.537124,1.02256,0,1.52279,0,0.535732,0.42341,0,1.525119,0,0.537383,0.441065,0,1.523418,0,0.533588,0.41359,0,58.829768
24,0.865396,0.067355,0.038911,0.045049,0.041153,0.53206,0.371747,0.417526,0.481472,122.277582,72.231665,59.591219,63.125121,0.925545,0.799684,0.644265,0.828316,0,0,0,0,368.711918,15.848696,67.466479,184.961237,26262,13397,14021,46367,18019,9265,0,2958,0,2406,0,6005,0,1173,4075,0,0,0,10120,7351,0.500949,0.515192,0.448235,0,0,50.631248,0.606317,153.937762,145.677596,141.136841,56349,1.525541,0,0.534704,0.979809,0,1.522789,0,0.537331,0.457167,0,1.525049,0,0.538784,0.480195,0,1.523326,0,0.535367,0.603502,0,69.498
24,0.858257,0.058137,0.050427,0.042583,0.031587,0.486551,0.471408,0.382648,0.439918,88.554627,73.425171,38.59686,46.513616,0.906335,0.726849,0.626649,0.782964,0,0,0,0,359.117641,20.51146,42.930155,82.55022,26130,16813,12768,43364,16172,11609,0,2819,0,3066,0,4682,0,1488,3736,0,0,0,9286,7330,0.49271,0.504048,0.440472,0,0,50.03812,0.601858,163.094056,147.65123,144.760943,55297,1.525596,0,0.534729,0.887542,0,1.522775,0,0.536073,0.445579,0,1.52511,0,0.537398,0.423275,0,1.52334,0,0.536597,0.469917,0,65.75631
24,0.857124,0.045743,0.048695,0.047081,0.051941,0.375856,0.471655,0.431779,0.484129,72.892245,69.095612,64.954995,64.758259,0.854181,0.729245,0.665145,0.812968,0,0,0,0,126.800864,19.117015,68.226369,96.501915,21426,16629,14485,43300,12861,11653,0,5526,0,3038,0,4733,0,1209,4208,0,0,0,10484,6472,0.486794,0.516233,0.441319,0,0,47.046623,0.633349,151.375545,137.04065,133.758723,55436,1.525679,0,0.53486,0.701484,0,1.522842,0,0.533744,0.424195,0,1.524999,0,0.53442,0.481489,0,1.5233,0,0.532919,0.488331,0,65.404659
24,0.8552,0.039309,0.05005,0.058061,0.039928,0.398664,0.40447,0.527543,0.420559,71.935552,57.432239,85.629921,69.082335,0.847845,0.683602,0.760112,0.855684,0,0,0,0,121.084012,15.868661,129.414089,93.178488,20840,14384,18044,39619,13467,10142,0,5710,0,2641,0,4618,0,751,5221,0,0,0,13008,4142,0.485005,0.505541,0.438183,0,0,46.825904,0.620012,154.203637,138.359341,133.240198,55016,1.525581,0,0.53507,0.671776,0,1.52289,0,0.538834,0.416234,0,1.525044,0,0.535912,0.526439,0,1.523319,0,0.539307,0.514408,0,63.793285
24,0.848118,0.052238,0.050428,0.040775,0.044425,0.486732,0.453962,0.452712,0.329287,91.553654,59.974725,55.32265,30.758184,0.879916,0.644272,0.678835,0.77422,0,0,0,0,317.672266,19.983238,68.750393,66.240443,26341,16507,14894,33904,15779,11445,0,2471,0,3025,0,3878,0,1178,4331,0,0,0,10820,5033,0.471798,0.49023,0.424276,0,0,48.947316,0.580418,158.440353,149.598973,145.188327,53285,1.525612,0,0.538541,0.878141,0,1.522849,0,0.538598,0.41931,0,1.525054,0,0.538091,0.454946,0,1.523438,0,0.536238,0.455699,0,58.739191
24,0.850987,0.050488,0.041578,0.051216,0.050867,0.447327,0.353871,0.45535,0.485703,78.921333,56.81092,54.901691,71.5026,0.860217,0.732319,0.688332,0.8345,0,0,0,0,119.293179,15.838116,67.46696,87.188013,21941,12505,15351,42761,15220,8684,0,4930,0,2288,0,5423,0,1084,4464,0,0,0,11111,6169,0.480331,0.505388,0.436087,0,0,46.025286,0.624436,154.675884,138.348034,134.680072,54763,1.525661,0,0.540206,0.622967,0,1.522784,0,0.540692,0.44268,0,1.525106,0,0.537071,0.449888,0,1.523327,0,0.53937,0.477045,0,61.819623
24,0.860659,0.044749,0.049504,0.040139,0.052832,0.480898,0.45447,0.416381,0.434441,140.526862,67.744428,61.857703,43.753239,0.895347,0.767476,0.634488,0.833831,0,0,0,0,428.926081,18.183103,69.044037,133.665624,25700,16502,14192,47105,16328,11515,0,2229,0,2983,0,5168,0,986,4124,0,0,0,10268,7295,0.493488,0.51639,0.448978,0,0,49.410505,0.604128,158.005158,145.69473,138.220393,56421,1.525519,0,0.536315,1.184505,0,1.522764,0,0.534897,0.408049,0,1.525085,0,0.534044,0.497662,0,1.523408,0,0.537561,0.554031,0,66.728472
24,0.843082,0.056075,0.042935,0.040244,0.054887,0.510717,0.334743,0.411596,0.449293,90.542864,39.518758,49.265707,46.397052,0.881132,0.701279,0.627813,0.798415,0,0,0,0,219.771453,14.246081,52.037934,67.964637,23960,11819,13668,39600,17230,8190,0,3257,0,2175,0,5208,0,1073,4016,0,0,0,9954,6819,0.470929,0.48934,0.423497,0,0,46.675271,0.587444,156.907513,142.470945,140.090955,53219,1.525606,0,0.536851,0.722779,0,1.522904,0,0.538563,0.409279,0,1.525057,0,0.534787,0.446071,0,1.523427,0,0.537701,0.436944,0,57.578193
24,0.856557,0.05218,0.046699,0.047521,0.052217,0.481341,0.488718,0.397373,0.390531,88.753703,66.06122,52.652561,37.894202,0.893032,0.676195,0.654197,0.762892,0,0,0,0,251.197554,21.638202,61.206636,64.805902,26195,17536,13303,38152,15332,12146,0,3040,0,3184,0,4062,0,1555,3901,0,0,0,9706,6249,0.482847,0.502946,0.437659,0,0,49.864569,0.591698,162.98456,145.532371,145.380282,54929,1.525629,0,0.53279,0.763026,0,1.522778,0,0.534154,0.423592,0,1.525036,0,0.537854,0.46892,0,1.523423,0,0.535332,0.444571,0,63.830188
24,0.849022,0.052765,0.051066,0.039408,0.043109,0.441744,0.454702,0.416352,0.416394,67.077146,74.086889,50.013094,39.757634,0.876385,0.711337,0.63311,0.773817,0,0,0,0,233.587693,20.190822,58.54184,75.741691,24917,16118,13793,40142,15041,11191,0,3636,0,2966,0,4613,0,1118,4026,0,0,0,10028,6096,0.47862,0.495594,0.432632,0,0,48.110225,0.603197,156.798212,140.272922,141.113767,54321,1.525648,0,0.538464,0.797299,0,1.522774,0,0.537719,0.441064,0,1.525048,0,0.538773,0.451193,0,1.523452,0,0.534061,0.443999,0,59.898615
24,0.866848,0.045113,0.044365,0.048263,0.057021,0.45426,0.399237,0.391381,0.566983,86.633609,56.098875,42.063981,76.14149,0.893481,0.794511,0.609048,0.830944,0,0,0,0,197.73567,14.759674,45.435093,145.136247,22727,14264,13273,48957,15141,9881,0,5339,0,2573,0,5806,0,1076,3874,0,0,0,9599,8125,0.506014,0.521679,0.45326,0,0,48.738265,0.643351,162.457999,138.884288,135.135786,56940,1.525598,0,0.534553,0.769594,0,1.522767,0,0.537062,0.401171,0,1.524994,0,0.536037,0.422888,0,1.523316,0,0.538631,0.533988,0,69.782721
24,0.83429,0.039347,0.047306,0.046294,0.047586,0.336863,0.427099,0.443319,0.454772,49.235153,54.734851,45.749103,48.054834,0.785112,0.658679,0.673567,0.804405,0,0,0,0,104.687663,17.720179,63.542554,56.839443,17356,15228,15073,39108,11431,10807,0,5576,0,2817,0,4210,0,1004,4406,0,0,0,10917,5672,0.462839,0.479803,0.418241,0,0,44.513835,0.621187,150.501928,135.020543,128.349038,52528,1.525706,0,0.54079,0.654683,0,1.522854,0,0.532744,0.404614,0,1.525142,0,0.534664,0.438873,0,1.523445,0,0.532699,0.413166,0,52.232397
24,0.839861,0.052275,0.029509,0.049963,0.050566,0.511882,0.327482,0.453212,0.394946,97.706708,39.447125,54.440955,46.980498,0.857467,0.640929,0.664528,0.801755,0,0,0,0,271.091463,13.888052,85.571577,55.381972,23418,11726,15275,35801,16493,8195,0,3373,0,2159,0,4610,0,841,4443,0,0,0,11042,5428,0.460078,0.480727,0.414881,0,0,45.368488,0.572245,152.0933,141.924388,141.382585,52143,1.52563,0,0.534192,0.759,0,1.522868,0,0.536505,0.42454,0,1.525107,0,0.534095,0.48846,0,1.523443,0,0.533819,0.442968,0,55.589002
24,0.855026,0.042804,0.041607,0.043098,0.056165,0.441118,0.445069,0.362441,0.504226,76.592889,72.650808,45.583441,67.301073,0.877283,0.753526,0.584691,0.785284,0,0,0,0,233.850907,20.770515,50.25523,96.671599,23509,15915,11844,41469,15043,11053,0,3787,0,2905,0,5096,0,1426,3461,0,0,0,8584,8342,0.48195,0.507252,0.436956,0,0,48.085055,0.606261,153.610059,142.340911,137.808305,54920,1.525552,0,0.531955,0.777025,0,1.52288,0,0.535576,0.458403,0,1.5251,0,0.534375,0.451886,0,1.523319,0,0.533199,0.476014,0,63.022465
24,0.855137,0.047039,0.049255,0.040013,0.050557,0.41198,0.477752,0.405924,0.456548,58.436435,65.480018,44.980702,58.149422,0.866812,0.746599,0.629929,0.798977,0,0,0,0,181.652397,20.232994,56.020374,80.79125,23863,17312,13429,41970,14072,12133,0,3840,0,3152,0,4808,0,1222,3934,0,0,0,9735,7127,0.489283,0.505932,0.438965,0,0,49.363233,0.6162,154.925011,138.853668,138.575829,55168,1.525659,0,0.532265,0.739485,0,1.522763,0,0.530387,0.417965,0,1.525097,0,0.531705,0.449378,0,1.523338,0,0.533292,0.464789,0,64.380316
24,0.845119,0.046649,0.03619,0.057997,0.046622,0.444999,0.406031,0.468706,0.392031,94.109992,57.165064,53.288782,42.756152,0.86513,0.67286,0.689961,0.801029,0,0,0,0,228.273172,16.745435,69.362886,78.111778,23334,14556,15577,38044,15220,10184,0,3797,0,2655,0,4497,0,971,4550,0,0,0,11315,5047,0.472411,0.493709,0.427267,0,0,47.288071,0.598454,159.811213,140.785247,137.294453,53660,1.525674,0,0.536956,0.839212,0,1.522776,0,0.537262,0.420026,0,1.525087,0,0.537452,0.454433,0,1.523456,0,0.535911,0.468626,0,57.660833
24,0.86322,0.04657,0.041521,0.053934,0.049558,0.449256,0.385384,0.474043,0.490381,74.125433,49.746479,71.970395,63.424786,0.878563,0.754641,0.691922,0.854517,0,0,0,0,199.94493,15.219385,128.425364,94.199245,21841,13915,15679,44292,15228,9786,0,4685,0,2534,0,5434,0,996,4547,0,0,0,11318,6399,0.497325,0.514168,0.445355,0,0,48.146324,0.628791,153.457596,136.715528,135.126515,55926,1.525559,0,0.533217,0.75082,0,1.522809,0,0.534035,0.407953,0,1.525001,0,0.534212,0.492626,0,1.523341,0,0.535052,0.485886,0,68.389381
24,0.854406,0.041236,0.045061,0.048398,0.042175,0.434405,0.44369,0.435429,0.442897,69.65728,86.283939,57.184778,49.462913,0.86983,0.715946,0.649046,0.825513,0,0,0,0,134.651423,20.850484,68.104,78.89293,22886,15978,14530,41371,15016,11208,0,3391,0,2886,0,4729,0,999,4224,0,0,0,10542,6711,0.481286,0.504543,0.432703,0,0,47.245678,0.60984,153.52338,139.73083,137.74577,54366,1.525665,0,0.537394,0.585454,0,1.522762,0,0.537754,0.461465,0,1.525086,0,0.536818,0.48275,0,1.523365,0,0.535537,0.435411,0,64.125155
24,0.873839,0.042072,0.05025,0.036873,0.066527,0.423627,0.454887,0.458704,0.506092,77.414886,72.721701,71.511753,80.056815,0.884961,0.798089,0.691343,0.870411,0,0,0,0,218.788816,19.793507,92.014976,115.581977,23101,16457,15641,47602,14395,11463,0,4689,0,2987,0,5477,0,1053,4506,0,0,0,11266,6872,0.508906,0.532591,0.460061,0,0,50.082606,0.640725,156.347125,138.026848,134.104549,57789,1.52554,0,0.538073,0.776034,0,1.52277,0,0.532474,0.440509,0,1.524976,0,0.53628,0.518053,0,1.523317,0,0.537474,0.511088,0,74.880995
24,0.839765,0.048966,0.041922,0.057193,0.039817,0.42121,0.360176,0.449392,0.447571,60.928013,42.593071,52.78621,49.707667,0.831253,0.6807,0.672346,0.810756,0,0,0,0,104.605247,14.467992,65.896229,59.44274,21325,12791,15241,39767,14310,8911,0,4890,0,2371,0,4825,0,933,4443,0,0,0,11052,5647,0.464108,0.48845,0.420897,0,0,45.610929,0.60506,160.223974,136.74549,132.207547,52882,1.525685,0,0.537635,0.60527,0,1.522894,0,0.535331,0.408012,0,1.525085,0,0.534946,0.458892,0,1.523411,0,0.536664,0.414762,0,55.111409
24,0.851543,0.04359,0.040339,0.048746,0.044566,0.385931,0.392686,0.455025,0.499273,66.889914,57.54913,69.712037,71.239547,0.838196,0.698745,0.671371,0.81755,0,0,0,0,173.734123,16.973612,76.450659,82.732081,20405,14117,14841,41637,13320,9871,0,5777,0,2589,0,4817,0,1109,4320,0,0,0,10744,6235,0.482546,0.503331,0.437041,0,0,46.305891,0.620773,150.845998,134.737605,134.639269,54922,1.525652,0,0.536367,0.76822,0,1.522881,0,0.532666,0.431076,0,1.525022,0,0.533656,0.470229,0,1.523366,0,0.532623,0.473689,0,61.769986
24,0.858814,0.040431,0.049703,0.045873,0.052388,0.458804,0.466151,0.38092,0.472102,98.471996,66.793562,44.898518,59.759151,0.893284,0.734793,0.623303,0.811956,0,0,0,0,274.164713,18.880072,51.093765,116.482293,25640,16339,12699,42264,15855,11284,0,3046,0,2953,0,4863,0,1509,3697,0,0,0,9196,8187,0.494503,0.511622,0.442723,0,0,49.719028,0.606137,162.277272,141.192473,140.846755,55585,1.525562,0,0.534511,0.907615,0,1.522807,0,0.539527,0.422371,0,1.525087,0,0.537451,0.446183,0,1.523381,0,0.537188,0.515179,0,65.026641
24,0.841871,0.053522,0.044116,0.047929,0.037504,0.475736,0.367879,0.43356,0.413747,83.240724,48.610838,60.035473,44.621036,0.871156,0.663842,0.643969,0.803013,0,0,0,0,466.09511,15.202601,98.969769,66.45526,23939,12952,14406,37324,16442,9025,0,3275,0,2363,0,4661,0,979,4198,0,0,0,10448,6264,0.468246,0.484645,0.41936,0,0,47.225029,0.578942,162.072624,138.004917,141.182694,52685,1.525652,0,0.531593,1.164404,0,1.522887,0,0.535888,0.420952,0,1.525066,0,0.533008,0.523388,0,1.523459,0,0.535356,0.429393,0,56.661692
24,0.864327,0.049349,0.041557,0.053903,0.053659,0.413576,0.43176,0.483397,0.470317,61.980435,74.797904,76.385639,53.647176,0.864167,0.754385,0.710239,0.86194,0,0,0,0,103.712002,17.384784,89.437601,105.971901,22924,15530,16279,45765,14088,10804,0,4883,0,2837,0,5163,0,946,4719,0,0,0,11730,6033,0.49855,0.519401,0.450954,0,0,47.695306,0.640596,151.73681,135.368967,134.665465,56606,1.525634,0,0.538829,0.573492,0,1.52274,0,0.533995,0.403475,0,1.524993,0,0.538283,0.507024,0,1.523362,0,0.535186,0.487452,0,69.290883
24,0.858506,0.044807,0.054294,0.038864,0.047563,0.434267,0.479773,0.440138,0.41129,72.685297,91.631058,50.98016,44.183073,0.881612,0.718184,0.669677,0.813075,0,0,0,0,179.142106,21.810079,73.137387,76.6793,24859,17520,14709,40537,14796,12224,0,3297,0,3175,0,4497,0,1175,4263,0,0,0,10648,6253,0.487879,0.507306,0.438316,0,0,49.240262,0.600305,154.446966,141.588068,138.160141,55041,1.525564,0,0.534992,0.705319,0,1.522779,0,0.532941,0.465044,0,1.525089,0,0.535009,0.454444,0,1.523399,0,0.536084,0.442598,0,66.483943
24,0.86311,0.054181,0.050838,0.040922,0.052783,0.451375,0.428174,0.439192,0.475773,62.813674,51.085014,47.796986,67.126564,0.898392,0.716216,0.679557,0.845966,0,0,0,0,139.301122,16.848142,59.420924,72.585459,23934,15361,14967,42255,15398,10681,0,4456,0,2839,0,4775,0,1140,4362,0,0,0,10817,6861,0.497105,0.514398,0.447295,0,0,49.210079,0.626831,152.147959,140.123184,139.403061,56156,1.525597,0,0.535439,0.60344,0,1.522846,0,0.53455,0.398436,0,1.52501,0,0.535646,0.436249,0,1.523301,0,0.535959,0.455133,0,68.782797
24,0.848641,0.058358,0.045691,0.03086,0.050258,0.450176,0.466601,0.339826,0.460898,75.294575,72.991996,36.898762,48.528179,0.866976,0.701402,0.574592,0.779338,0,0,0,0,163.273233,20.054633,51.89403,70.869261,24548,16766,11555,43325,15179,11639,0,2649,0,3037,0,4448,0,1445,3375,0,0,0,8369,8482,0.478933,0.49514,0.430282,0,0,47.347885,0.596237,153.206272,141.118979,136.952256,54066,1.52563,0,0.535703,0.679676,0,1.522756,0,0.538841,0.422326,0,1.525103,0,0.535701,0.457686,0,1.523475,0,0.537474,0.432879,0,60.514999
24,0.857173,0.04305,0.044324,0.053793,0.054953,0.404297,0.388565,0.506459,0.47979,57.038794,47.787202,66.003071,62.787857,0.863244,0.708071,0.728008,0.864246,0,0,0,0,97.591615,15.921934,105.711867,97.673166,21427,14127,17138,40880,13716,9939,0,6155,0,2614,0,4890,0,778,4962,0,0,0,12345,5257,0.494245,0.513881,0.446075,0,0,46.845738,0.634843,150.715167,134.912472,133.953922,56012,1.525608,0,0.536727,0.573729,0,1.522845,0,0.537844,0.404857,0,1.525009,0,0.535444,0.508103,0,1.523332,0,0.534783,0.480203,0,64.197242
24,0.848987,0.049039,0.053109,0.042711,0.041169,0.537234,0.455486,0.408271,0.322818,118.532416,63.747567,45.855077,36.958678,0.92149,0.686351,0.629154,0.768209,0,0,0,0,419.021035,20.579917,56.209077,53.925486,29701,16468,13621,36696,18365,11376,0,415,0,2986,0,4342,0,1188,3952,0,0,0,9872,6164,0.475092,0.496455,0.428451,0,0,50.899042,0.555422,162.602993,152.366697,144.174029,53849,1.525551,0,0.534454,1.055222,0,1.522904,0,0.53419,0.43428,0,1.525109,0,0.535686,0.45805,0,1.523392,0,0.533559,0.457191,0,60.768884
24,0.849612,0.047704,0.061249,0.043082,0.036672,0.445809,0.515547,0.397865,0.380199,65.946518,87.725604,48.251487,34.442823,0.884197,0.668039,0.635337,0.763317,0,0,0,0,170.399365,23.260206,60.976495,46.636054,26023,18608,12969,36631,14947,12938,0,2549,0,3389,0,3800,0,1489,3801,0,0,0,9459,6597,0.481706,0.497831,0.434313,0,0,49.801182,0.590753,152.636375,147.916521,144.615495,54516,1.525583,0,0.537674,0.668723,0,1.522798,0,0.535743,0.449123,0,1.525094,0,0.536047,0.460082,0,1.523432,0,0.536676,0.419577,0,60.950328
24,0.851813,0.048352,0.045827,0.045904,0.045624,0.402769,0.510913,0.420477,0.393892,58.12417,81.787251,53.522509,36.679185,0.856226,0.668643,0.673218,0.801573,0,0,0,0,206.893112,23.191183,71.905318,57.915571,23590,18179,14317,36877,13823,12739,0,3237,0,3303,0,3880,0,1378,4159,0,0,0,10373,6331,0.480424,0.502405,0.432423,0,0,48.576715,0.604524,147.861479,143.316885,140.991803,54349,1.525601,0,0.539234,0.786549,0,1.522773,0,0.538758,0.436772,0,1.525111,0,0.538795,0.477435,0,1.523451,0,0.538412,0.430979,0,61.987002
24,0.836001,0.043784,0.059429,0.039454,0.052343,0.411915,0.51641,0.384959,0.355385,62.669806,78.282233,41.944551,36.407909,0.844796,0.657327,0.627693,0.718608,0,0,0,0,158.346362,26.250652,50.266625,53.365861,24984,18485,12722,33863,13690,12863,0,2857,0,3377,0,3700,0,1511,3730,0,0,0,9312,5662,0.46631,0.481437,0.417057,0,0,47.752695,0.571984,157.787776,143.711181,137.535772,52371,1.525665,0,0.534765,0.697782,0,1.522871,0,0.539049,0.448647,0,1.525086,0,0.536136,0.445799,0,1.523459,0,0.537807,0.416367,0,53.660648
24,0.854724,0.035071,0.051674,0.048215,0.054968,0.379766,0.482062,0.392147,0.508701,59.902411,69.254213,43.101215,73.509988,0.860776,0.717536,0.631896,0.807596,0,0,0,0,137.274109,19.540172,49.020217,81.087632,20855,17204,13322,42107,13038,12027,0,5207,0,3118,0,4541,0,1323,3885,0,0,0,9668,7441,0.489826,0.509369,0.443054,0,0,47.587363,0.627932,151.144684,137.998529,135.685257,55682,1.525568,0,0.536584,0.691025,0,1.522792,0,0.534747,0.410124,0,1.525083,0,0.534407,0.430069,0,1.523333,0,0.53533,0.450482,0,64.586888
24,0.845399,0.039339,0.056351,0.040874,0.04636,0.422729,0.454944,0.37546,0.458419,54.149707,58.735593,37.205847,52.301676,0.866198,0.667387,0.597622,0.77803,0,0,0,0,119.133768,19.913929,41.507084,58.049175,22729,16214,12594,38072,14307,11386,0,4125,0,2982,0,4152,0,1178,3720,0,0,0,9198,7321,0.473808,0.498637,0.428249,0,0,47.26348,0.605721,154.812545,140.558605,140.789766,53815,1.525629,0,0.535692,0.614185,0,1.522851,0,0.533993,0.417116,0,1.525121,0,0.536269,0.425417,0,1.523382,0,0.538501,0.416543,0,59.364895
24,0.846142,0.043022,0.049735,0.047976,0.043052,0.42118,0.401869,0.435995,0.452694,76.209915,68.017131,44.971613,50.707801,0.836758,0.684164,0.65489,0.804236,0,0,0,0,127.389041,18.791566,73.605128,66.047939,20544,14486,14854,39236,13602,10182,0,5031,0,2649,0,4615,0,925,4317,0,0,0,10754,5886,0.47534,0.49044,0.428573,0,0,46.525013,0.604976,154.353426,139.4422,136.969678,53848,1.525589,0,0.536961,0.621568,0,1.522836,0,0.534561,0.45208,0,1.525078,0,0.537085,0.459976,0,1.523433,0,0.536279,0.433011,0,58.847756
24,0.859561,0.035185,0.041465,0.058595,0.054143,0.361607,0.454272,0.500647,0.462515,49.396982,66.912886,61.084619,55.0787,0.853609,0.696037,0.725773,0.84059,0,0,0,0,128.304415,20.245297,102.780728,73.492384,20586,16555,16657,40076,12495,11658,0,6041,0,3034,0,4397,0,948,4834,0,0,0,12032,5077,0.490915,0.510369,0.442379,0,0,46.804058,0.63707,151.680384,137.689127,133.878625,55604,1.525585,0,0.537052,0.634353,0,1.522755,0,0.531967,0.41868,0,1.525057,0,0.536903,0.505594,0,1.523351,0,0.537303,0.437765,0,65.263575
24,0.848037,0.050186,0.046426,0.037275,0.044984,0.408683,0.400281,0.423317,0.485408,70.728908,54.987493,46.564233,58.316885,0.836508,0.687132,0.650698,0.81639,0,0,0,0,124.666799,16.659012,58.386954,88.48231,20880,14351,14155,41010,13715,10047,0,4973,0,2615,0,4676,0,1170,4124,0,0,0,10253,6869,0.473587,0.499615,0.432171,0,0,46.452957,0.61419,148.388457,135.900449,132.492551,54259,1.525589,0,0.535528,0.65845,0,1.522892,0,0.534088,0.406431,0,1.525034,0,0.533287,0.441837,0,1.523413,0,0.53544,0.46283,0,59.227436
24,0.853949,0.04976,0.050798,0.046302,0.042529,0.424483,0.46257,0.46247,0.401308,58.639079,82.507028,59.785287,43.360729,0.864738,0.67926,0.708118,0.80087,0,0,0,0,158.906731,20.940772,65.716543,60.420901,22484,16266,15465,37292,14141,11357,0,4338,0,2965,0,4287,0,1255,4501,0,0,0,11187,5214,0.481283,0.49929,0.434057,0,0,46.90824,0.607042,155.803819,142.901045,137.562344,54492,1.525671,0,0.538798,0.610386,0,1.522805,0,0.534322,0.449714,0,1.524987,0,0.534555,0.450559,0,1.523405,0,0.536515,0.434451,0,62.583822
24,0.853523,0.04209,0.057761,0.05199,0.039949,0.402798,0.468463,0.546707,0.341276,49.474922,74.729626,69.17129,36.210117,0.858407,0.678889,0.773499,0.841714,0,0,0,0,124.061774,21.277578,157.238343,66.807785,23132,17129,18404,35736,13648,12105,0,4145,0,3150,0,4119,0,741,5327,0,0,0,13280,3418,0.485249,0.502698,0.434701,0,0,47.989156,0.6145,147.866067,140.972152,138.692767,54625,1.525589,0,0.535936,0.602737,0,1.522807,0,0.536325,0.436967,0,1.525013,0,0.536678,0.534808,0,1.523454,0,0.534052,0.462703,0,63.609762
24,0.847266,0.056982,0.038574,0.052809,0.040115,0.464865,0.37834,0.467711,0.408998,80.366305,52.36785,56.717158,43.939379,0.869626,0.691635,0.689549,0.823679,0,0,0,0,193.57284,16.346971,72.480621,97.894552,23651,13448,15721,40651,15873,9371,0,3742,0,2445,0,4873,0,931,4573,0,0,0,11392,5519,0.475138,0.493502,0.426833,0,0,46.744799,0.603483,152.142395,139.670957,136.693106,53595,1.525689,0,0.537457,0.722643,0,1.522793,0,0.536518,0.408025,0,1.525043,0,0.538665,0.46601,0,1.523455,0,0.538769,0.478786,0,59.782383
24,0.845663,0.03378,0.054224,0.049848,0.05515,0.350568,0.468348,0.452079,0.450093,59.692821,68.170736,56.832963,50.112491,0.818699,0.675254,0.684076,0.79895,0,0,0,0,181.706741,20.410016,75.348907,62.802222,19687,16694,14878,39001,11969,11754,0,5311,0,3036,0,4184,0,1217,4345,0,0,0,10784,5709,0.475057,0.496484,0.428609,0,0,46.740618,0.616042,149.75295,136.325522,131.89798,53863,1.525565,0,0.537772,0.806855,0,1.522872,0,0.535701,0.42632,0,1.525085,0,0.536596,0.458402,0,1.523413,0,0.537476,0.419836,0,59.061453
24,0.862619,0.039769,0.056654,0.040826,0.053145,0.42671,0.477574,0.401532,0.489219,65.551537,71.138346,46.827285,54.871145,0.873113,0.744195,0.639365,0.844449,0,0,0,0,167.719928,20.447112,47.751172,114.183242,24591,17279,13491,43076,14577,12011,0,3462,0,3149,0,4785,0,1349,3924,0,0,0,9783,8221,0.498824,0.513131,0.448704,0,0,48.926347,0.632662,154.553388,141.502334,138.643896,56381,1.525597,0,0.543224,0.680617,0,1.522788,0,0.538224,0.409708,0,1.525039,0,0.538373,0.441175,0,1.523324,0,0.540343,0.50137,0,67.623104
24,0.845975,0.049308,0.048804,0.053809,0.038086,0.42643,0.401018,0.481779,0.403725,56.639476,51.910382,62.088537,39.591519,0.846141,0.684015,0.706785,0.812735,0,0,0,0,115.967968,17.537532,78.765055,65.172544,21909,14497,16020,38855,14419,10182,0,4209,0,2645,0,4619,0,996,4659,0,0,0,11595,4961,0.473942,0.492265,0.42676,0,0,46.467101,0.60849,155.787481,141.382848,137.850239,53569,1.525701,0,0.534624,0.592609,0,1.522899,0,0.539284,0.423805,0,1.525018,0,0.535848,0.458198,0,1.523357,0,0.534879,0.42837,0,59.383447
24,0.851007,0.044839,0.062307,0.033789,0.041521,0.421875,0.518169,0.404599,0.397197,63.379858,77.969491,47.91148,48.265615,0.875554,0.714726,0.650493,0.759846,0,0,0,0,204.491629,23.992838,59.446904,87.741829,24085,18731,13619,40739,14199,13063,0,3189,0,3384,0,4279,0,1413,3965,0,0,0,9886,5932,0.479785,0.503425,0.432352,0,0,48.632634,0.592793,158.387786,145.443942,139.103635,54331,1.525642,0,0.535215,0.752147,0,1.52285,0,0.534227,0.444652,0,1.524983,0,0.537716,0.436853,0,1.523385,0,0.533937,0.489372,0,60.755205
24,0.847332,0.044439,0.033433,0.038491,0.054713,0.433063,0.426605,0.388903,0.458605,75.395502,54.74848,41.824194,61.71334,0.856009,0.669224,0.624319,0.795966,0,0,0,0,133.680731,18.302805,49.173444,63.437503,23373,15296,13028,38861,14621,10618,0,3928,0,2801,0,4330,0,1324,3826,0,0,0,9488,7388,0.475801,0.492911,0.42788,0,0,47.076238,0.606347,154.411816,139.686923,135.802202,53751,1.525648,0,0.536121,0.672576,0,1.522811,0,0.534876,0.412945,0,1.525136,0,0.535729,0.439735,0,1.523421,0,0.535824,0.444096,0,59.12323
24,0.856261,0.042007,0.045027,0.050091,0.048054,0.432947,0.407629,0.446173,0.481802,60.855188,71.727554,55.661735,57.285498,0.868825,0.720849,0.679267,0.838163,0,0,0,0,140.920824,17.337757,69.02293,77.501413,22177,14731,14908,41736,14565,10258,0,4847,0,2676,0,4965,0,1154,4350,0,0,0,10784,6708,0.491796,0.508513,0.44005,0,0,47.187404,0.618729,151.238119,138.569801,134.445429,55295,1.525548,0,0.537681,0.627488,0,1.522771,0,0.534782,0.443698,0,1.525141,0,0.534749,0.467856,0,1.523358,0,0.533265,0.444821,0,65.947131
24,0.852003,0.051044,0.05847,0.045976,0.048174,0.412018,0.46327,0.434154,0.445376,53.579975,74.383702,51.495165,59.656654,0.855541,0.711523,0.676857,0.813545,0,0,0,0,142.854077,19.357275,70.840819,72.750825,22329,16576,14643,42234,13762,11558,0,4345,0,3041,0,4549,0,1278,4251,0,0,0,10579,6360,0.484743,0.508092,0.439569,0,0,47.535191,0.619983,154.801042,139.714896,134.075462,55237,1.525614,0,0.534457,0.652157,0,1.522843,0,0.534977,0.443418,0,1.525041,0,0.536541,0.459238,0,1.523342,0,0.533119,0.458414,0,62.548727
24,0.853082,0.049074,0.05671,0.044078,0.038399,0.457249,0.471998,0.373432,0.452968,74.729281,82.585612,35.417695,48.358881,0.891796,0.714406,0.625389,0.769105,0,0,0,0,189.357303,19.571285,42.064157,92.592177,24888,16814,12397,42305,15246,11621,0,3580,0,3048,0,4570,0,1634,3632,0,0,0,8996,7371,0.489658,0.501958,0.440255,0,0,48.648656,0.60058,161.209926,144.212091,137.806452,55323,1.525689,0,0.536034,0.721187,0,1.52275,0,0.533795,0.440177,0,1.5251,0,0.533839,0.419701,0,1.523296,0,0.535626,0.469505,0,63.151289
24,0.856041,0.038433,0.043229,0.060986,0.043233,0.408998,0.361488,0.557395,0.438151,66.610803,44.466188,83.788502,65.91517,0.842919,0.70346,0.782709,0.894696,0,0,0,0,135.237538,13.913225,189.49348,78.008216,20687,13071,19138,42444,13809,9218,0,5827,0,2399,0,5033,0,550,5521,0,0,0,13747,4136,0.487975,0.510819,0.440704,0,0,46.211414,0.626338,150.261262,137.911837,132.934406,55373,1.525551,0,0.535077,0.660975,0,1.52284,0,0.533425,0.391515,0,1.525045,0,0.53761,0.615454,0,1.523374,0,0.537488,0.460168,0,64.122483
24,0.847178,0.057595,0.034167,0.048689,0.036513,0.435602,0.40367,0.443897,0.42928,62.28459,50.783262,50.77987,56.908689,0.851895,0.684135,0.666111,0.810697,0,0,0,0,157.882673,16.892036,58.198286,67.894005,23008,14703,14954,39988,14540,10272,0,4186,0,2713,0,4558,0,967,4373,0,0,0,10884,5873,0.475699,0.496395,0.427621,0,0,46.973929,0.60797,151.203952,136.613415,135.73692,53662,1.525697,0,0.53619,0.681858,0,1.522856,0,0.535807,0.404057,0,1.525078,0,0.536303,0.43917,0,1.523361,0,0.537505,0.44939,0,59.353458
24,0.867683,0.045932,0.044018,0.056523,0.049999,0.418305,0.418795,0.456097,0.520275,60.659566,54.414794,63.166792,100.611409,0.876366,0.75412,0.681177,0.86348,0,0,0,0,169.628134,16.557285,78.222778,86.738361,21808,14990,15582,44471,13894,10483,0,5941,0,2752,0,5236,0,925,4514,0,0,0,11248,6723,0.499731,0.526232,0.454107,0,0,47.464855,0.64224,149.43878,136.835725,133.284914,57013,1.525579,0,0.534877,0.691599,0,1.522794,0,0.535803,0.39884,0,1.525018,0,0.53642,0.47646,0,1.523331,0,0.532141,0.505993,0,72.400478
24,0.846472,0.04438,0.057481,0.048417,0.042803,0.393706,0.536377,0.39751,0.393343,57.93838,91.062067,48.568354,49.174771,0.860315,0.663431,0.620073,0.772963,0,0,0,0,162.638482,23.433542,68.244988,54.292314,23458,19224,13301,36294,13392,13472,0,3395,0,3541,0,3619,0,1192,3880,0,0,0,9649,6584,0.476178,0.498741,0.431388,0,0,48.367035,0.598266,151.770122,142.593771,138.827996,54215,1.525586,0,0.537168,0.722945,0,1.522769,0,0.534319,0.439142,0,1.525127,0,0.534141,0.475008,0,1.523446,0,0.537227,0.439672,0,60.084132
24,0.853757,0.041971,0.040593,0.05061,0.043708,0.388758,0.405172,0.477929,0.48675,61.981068,49.355755,64.362501,55.653729,0.831566,0.724396,0.713923,0.857168,0,0,0,0,109.963064,16.084363,84.537463,93.490932,19919,14652,16040,42883,13186,10234,0,5386,0,2677,0,5000,0,1092,4651,0,0,0,11537,6168,0.486109,0.507894,0.440122,0,0,46.501015,0.635326,146.95435,134.344077,134.13078,55283,1.525635,0,0.539153,0.628604,0,1.522869,0,0.539988,0.39877,0,1.525022,0,0.536057,0.481581,0,1.52333,0,0.538262,0.46515,0,63.482341
24,0.861851,0.05271,0.041062,0.061662,0.039418,0.480072,0.337187,0.533798,0.445304,97.127503,49.060815,86.095073,51.290014,0.888615,0.73765,0.750251,0.884184,0,0,0,0,172.38595,13.88702,127.050901,115.209587,23333,12457,18179,42603,16081,8752,0,4755,0,2297,0,5470,0,601,5244,0,0,0,13088,4760,0.49612,0.518685,0.450648,0,0,48.925224,0.62589,156.351786,137.450723,138.166002,56581,1.525545,0,0.536294,0.7049,0,1.52289,0,0.537677,0.420821,0,1.525001,0,0.536966,0.513762,0,1.523341,0,0.535868,0.524967,0,68.215682
24,0.838809,0.045413,0.040553,0.047151,0.053359,0.428627,0.360363,0.430038,0.45672,68.193557,43.0644,47.901261,50.7767,0.82105,0.672311,0.642424,0.835692,0,0,0,0,111.188844,14.369805,72.881949,74.936534,21413,12910,14638,39967,14495,9040,0,4090,0,2398,0,4716,0,838,4280,0,0,0,10580,6922,0.466852,0.483919,0.417692,0,0,44.994561,0.602367,157.902372,132.871623,133.710453,52423,1.525641,0,0.537139,0.592475,0,1.522874,0,0.537054,0.407113,0,1.525123,0,0.532852,0.472213,0,1.523401,0,0.536904,0.447816,0,54.79404
24,0.854264,0.040521,0.042331,0.067509,0.040192,0.424792,0.344076,0.571019,0.407582,69.00288,41.99692,79.839277,45.125924,0.857336,0.698394,0.789958,0.854634,0,0,0,0,161.103134,15.023045,112.337683,65.984192,21228,12598,18890,39966,14537,8828,0,5688,0,2320,0,5051,0,739,5452,0,0,0,13582,3338,0.48764,0.502152,0.436682,0,0,46.211035,0.625328,145.875688,138.744039,135.598725,54876,1.525539,0,0.53771,0.673095,0,1.522883,0,0.536509,0.424269,0,1.524985,0,0.535427,0.489018,0,1.523435,0,0.538882,0.436596,0,63.037215
24,0.846779,0.050583,0.052086,0.039315,0.047353,0.479883,0.41561,0.398943,0.425953,74.104302,59.688037,47.033605,42.604464,0.879011,0.687729,0.61935,0.797143,0,0,0,0,198.257439,17.323812,66.587092,64.620736,25505,14805,13394,39218,16369,10255,0,2615,0,2724,0,4586,0,1127,3918,0,0,0,9719,7103,0.476832,0.490528,0.428256,0,0,47.660928,0.595008,150.960099,141.864041,141.158131,53815,1.525587,0,0.539079,0.703694,0,1.522848,0,0.537814,0.411757,0,1.525099,0,0.539752,0.463943,0,1.523441,0,0.534127,0.433436,0,59.122641
24,0.857848,0.049187,0.045466,0.04026,0.052824,0.395096,0.44428,0.386796,0.544854,59.916524,65.207688,42.627752,79.566828,0.866018,0.739364,0.630975,0.811869,0,0,0,0,129.000634,18.291029,46.545417,78.499525,21989,15760,13084,44742,13566,10965,0,5582,0,2869,0,4982,0,1392,3831,0,0,0,9494,7785,0.49368,0.510315,0.445899,0,0,47.501788,0.636088,155.72088,137.95737,135.032125,56011,1.525657,0,0.534658,0.658861,0,1.522851,0,0.53675,0.417882,0,1.524998,0,0.531766,0.419087,0,1.523316,0,0.537069,0.457167,0,65.350119
24,0.866117,0.0441,0.047493,0.045477,0.04921,0.396451,0.476083,0.451989,0.487702,52.264392,69.941197,71.519746,59.997296,0.878362,0.732568,0.693048,0.831039,0,0,0,0,157.592037,20.140393,81.130503,84.229664,22139,17168,15070,42537,13268,12009,0,5601,0,3108,0,4701,0,1267,4379,0,0,0,10920,6342,0.499048,0.522829,0.451425,0,0,47.898648,0.633264,150.758797,138.721405,135.066135,56718,1.525604,0,0.53814,0.654503,0,1.522764,0,0.536093,0.407039,0,1.524988,0,0.535205,0.507713,0,1.523336,0,0.535731,0.446513,0,69.932191
24,0.851661,0.045225,0.035411,0.048777,0.057119,0.465721,0.373254,0.449307,0.451058,94.998892,57.355226,57.894844,53.048977,0.865597,0.740391,0.666117,0.829533,0,0,0,0,169.950568,15.696417,77.437925,79.888664,23102,13590,15059,44472,15798,9490,0,3585,0,2468,0,5347,0,945,4388,0,0,0,10885,6350,0.477918,0.501485,0.432864,0,0,47.184698,0.603028,157.534538,140.969507,133.799704,54366,1.525524,0,0.534942,0.673752,0,1.522857,0,0.534837,0.435501,0,1.525148,0,0.533122,0.488753,0,1.523357,0,0.535587,0.453402,0,61.908573
24,0.849315,0.049247,0.032931,0.051223,0.048161,0.413139,0.3439,0.485762,0.486854,56.453225,45.845487,68.167388,64.166563,0.847952,0.693704,0.701549,0.83384,0,0,0,0,139.009337,15.240984,77.199292,68.552128,20473,12476,16154,39004,14030,8733,0,6133,0,2288,0,5031,0,863,4707,0,0,0,11694,5365,0.477391,0.500033,0.43005,0,0,45.539039,0.634872,147.079658,137.151863,131.222021,53978,1.525643,0,0.536218,0.624402,0,1.522802,0,0.536628,0.417011,0,1.525002,0,0.538062,0.468512,0,1.523424,0,0.5353,0.450982,0,61.218953
24,0.852125,0.041609,0.046251,0.057419,0.039308,0.45123,0.388123,0.448889,0.459232,79.278034,59.828502,50.865706,55.422836,0.856034,0.707367,0.662926,0.847145,0,0,0,0,213.935249,16.497257,67.881698,78.609204,21438,13932,15011,41643,15065,9802,0,4000,0,2566,0,4926,0,949,4361,0,0,0,10873,6813,0.481217,0.500526,0.434247,0,0,46.448805,0.610237,152.576178,140.095959,135.139298,54565,1.525562,0,0.532566,0.752578,0,1.522852,0,0.533924,0.431731,0,1.525134,0,0.533583,0.457431,0,1.52333,0,0.531745,0.449491,0,62.35107
24,0.859798,0.047266,0.038045,0.054174,0.049437,0.454272,0.420698,0.4459,0.454254,81.344323,63.172793,52.565095,60.449466,0.885249,0.726562,0.66053,0.854264,0,0,0,0,175.173718,18.063727,61.899211,90.184149,24538,15134,15178,40693,15675,10583,0,3600,0,2774,0,4938,0,822,4426,0,0,0,10985,6843,0.496222,0.509393,0.444605,0,0,49.642303,0.612827,159.599119,139.512102,141.598904,55881,1.525581,0,0.537453,0.718514,0,1.522776,0,0.534019,0.433273,0,1.525064,0,0.534421,0.430282,0,1.523365,0,0.531444,0.493179,0,65.477426
24,0.84693,0.045306,0.05573,0.041814,0.04481,0.399892,0.473459,0.397802,0.444376,62.054129,75.255562,42.462204,47.450875,0.83815,0.7114,0.625684,0.781881,0,0,0,0,128.691164,21.289246,47.452807,62.222847,21995,17018,13206,40926,13513,11952,0,3655,0,3114,0,4482,0,1298,3854,0,0,0,9582,6903,0.473989,0.494306,0.430257,0,0,47.129486,0.603325,151.32488,139.455633,136.685458,54031,1.525579,0,0.53188,0.642477,0,1.522865,0,0.5338,0.441926,0,1.525065,0,0.540246,0.422451,0,1.52345,0,0.534247,0.434271,0,58.867343
24,0.846039,0.046936,0.054227,0.049481,0.042151,0.462185,0.411512,0.476056,0.367709,78.138624,64.43358,68.029259,40.605177,0.888498,0.668289,0.69144,0.797987,0,0,0,0,179.039536,17.526281,89.274267,69.511921,24185,14564,15908,36966,15976,10211,0,3617,0,2685,0,4424,0,862,4632,0,0,0,11535,4673,0.478552,0.495621,0.42894,0,0,47.960972,0.590768,159.685092,141.661553,143.399957,53869,1.525646,0,0.536757,0.711747,0,1.522903,0,0.535691,0.436091,0,1.524988,0,0.535077,0.503293,0,1.52344,0,0.536457,0.468365,0,59.119755
24,0.848733,0.056499,0.03226,0.050713,0.046902,0.510891,0.310736,0.438726,0.462842,82.136307,40.073253,41.316524,49.305124,0.877483,0.709077,0.637022,0.852649,0,0,0,0,153.81334,13.105472,50.486939,70.557246,23377,11288,14769,42869,17281,7940,0,3253,0,2081,0,5371,0,716,4318,0,0,0,10707,7179,0.475953,0.500283,0.432179,0,0,47.237169,0.605662,152.968307,139.43632,137.683778,54326,1.525576,0,0.535333,0.63128,0,1.522852,0,0.534051,0.412541,0,1.525091,0,0.534932,0.425036,0,1.523384,0,0.536145,0.443454,0,59.748722
24,0.84926,0.050366,0.043457,0.040345,0.050144,0.494681,0.388745,0.386878,0.458183,78.022885,59.315798,53.722527,57.330774,0.891938,0.669027,0.629028,0.807756,0,0,0,0,262.622629,16.379721,92.904786,85.057715,25067,13785,13165,39349,16730,9518,0,3256,0,2510,0,4584,0,1361,3838,0,0,0,9530,7633,0.477043,0.50444,0.433392,0,0,48.733427,0.59402,153.349893,144.262817,141.073944,54425,1.525642,0,0.540397,0.819624,0,1.522812,0,0.535422,0.426894,0,1.525142,0,0.539443,0.55802,0,1.523356,0,0.54008,0.479573,0,60.985007
24,0.852371,0.046371,0.046698,0.045065,0.0444,0.380964,0.471402,0.443017,0.43865,60.08067,75.990528,61.86515,53.902466,0.838756,0.723185,0.674854,0.813032,0,0,0,0,136.101492,21.267003,91.694731,87.582828,22514,17128,14990,39997,12993,11991,0,4408,0,3125,0,4593,0,1112,4345,0,0,0,10837,5999,0.481493,0.500359,0.436637,0,0,46.757559,0.615484,151.009826,137.549117,137.750117,54873,1.525699,0,0.532799,0.676475,0,1.522807,0,0.538371,0.430893,0,1.524987,0,0.538111,0.500326,0,1.52342,0,0.536123,0.479783,0,62.07386
24,0.858123,0.047968,0.047031,0.046339,0.04729,0.459857,0.451836,0.385884,0.469765,77.137834,72.202046,41.848293,61.123716,0.877467,0.703708,0.596947,0.827778,0,0,0,0,222.252763,18.773311,48.516297,65.167927,23372,16063,12946,39975,15319,11298,0,3174,0,2940,0,4558,0,1074,3785,0,0,0,9392,8328,0.486003,0.504237,0.436171,0,0,48.305963,0.614013,163.411488,138.208525,137.636361,54836,1.525616,0,0.536947,0.716804,0,1.522822,0,0.536927,0.439097,0,1.525088,0,0.537992,0.437814,0,1.523327,0,0.533427,0.442828,0,65.783124
24,0.839191,0.047862,0.048675,0.041421,0.053214,0.427143,0.411451,0.355573,0.494446,61.434677,51.360186,33.730188,52.439402,0.853785,0.683033,0.570226,0.770099,0,0,0,0,202.781413,16.449693,39.347967,69.797855,22591,14608,11929,40026,14395,10183,0,4551,0,2677,0,4581,0,1164,3525,0,0,0,8721,7766,0.470742,0.488842,0.423216,0,0,46.536026,0.607645,151.555925,137.506513,137.091736,53119,1.525634,0,0.535704,0.762275,0,1.522848,0,0.534861,0.405886,0,1.525161,0,0.53621,0.415687,0,1.523395,0,0.534666,0.429723,0,55.115275
24,0.860052,0.049257,0.044839,0.047309,0.049543,0.424954,0.490419,0.509686,0.340044,70.767907,79.76339,93.609831,39.198686,0.87408,0.680726,0.734429,0.835949,0,0,0,0,226.455727,21.990607,95.616135,55.909048,24697,17979,16748,36602,14678,12618,0,2814,0,3284,0,4022,0,1051,4831,0,0,0,12070,4909,0.495055,0.50998,0.443382,0,0,50.457371,0.600001,154.372327,144.499116,142.162326,55717,1.525638,0,0.538428,0.818036,0,1.522774,0,0.53658,0.449946,0,1.525017,0,0.536035,0.519098,0,1.52342,0,0.536793,0.449632,0,67.18387
24,0.836648,0.046225,0.054342,0.038639,0.040058,0.454139,0.470801,0.356777,0.387044,69.210272,71.327708,31.703779,36.96887,0.872964,0.638484,0.579926,0.73895,0,0,0,0,207.300895,20.870321,41.801223,47.4225,25632,16710,11717,36478,15691,11643,0,2139,0,3071,0,3780,0,1362,3468,0,0,0,8583,7160,0.461205,0.478287,0.413989,0,0,47.605498,0.572124,155.127016,144.435621,139.764068,52023,1.525657,0,0.536722,0.72953,0,1.522873,0,0.539118,0.435107,0,1.525157,0,0.537785,0.425319,0,1.523433,0,0.538674,0.420888,0,53.846355
24,0.853096,0.054525,0.044891,0.041649,0.042697,0.434442,0.492071,0.410834,0.41613,71.658577,79.920352,40.65973,52.666565,0.886895,0.701805,0.634705,0.796882,0,0,0,0,178.634662,22.41436,40.65651,57.835402,26126,17818,13730,37072,14843,12427,0,3267,0,3259,0,4258,0,1146,4020,0,0,0,9987,6736,0.483409,0.510465,0.438796,0,0,48.967998,0.602466,160.542537,142.313741,140.422165,55102,1.525611,0,0.532017,0.715718,0,1.522757,0,0.536985,0.444846,0,1.525125,0,0.531023,0.418441,0,1.523338,0,0.536187,0.434185,0,63.164596
24,0.8531,0.044083,0.054445,0.054666,0.037107,0.471118,0.443712,0.436003,0.399835,70.920786,60.522935,48.641883,52.656016,0.898719,0.671337,0.662573,0.787217,0,0,0,0,264.115958,18.92646,73.273786,74.271919,25487,15952,14687,36598,15484,11114,0,3959,0,2916,0,4251,0,1089,4268,0,0,0,10639,5609,0.485824,0.501654,0.437105,0,0,48.831924,0.601558,162.707027,143.732689,144.031072,54906,1.525604,0,0.537662,0.828213,0,1.522843,0,0.537114,0.436966,0,1.525037,0,0.537095,0.462296,0,1.523375,0,0.538996,0.476262,0,62.019418
24,0.858832,0.049414,0.048249,0.045742,0.042335,0.459062,0.461887,0.437959,0.409642,80.304254,70.085397,55.916232,44.947153,0.892326,0.711793,0.659984,0.827149,0,0,0,0,204.224628,18.74832,56.606411,66.765136,24795,16610,14542,39867,15867,11600,0,2706,0,3057,0,4536,0,1089,4247,0,0,0,10555,6736,0.490286,0.51149,0.44204,0,0,49.139162,0.613011,153.78049,141.48314,140.860128,55547,1.525595,0,0.535951,0.753569,0,1.522765,0,0.536374,0.422117,0,1.525086,0,0.533102,0.447937,0,1.523384,0,0.53595,0.448487,0,64.561049
24,0.848624,0.04828,0.046546,0.049165,0.048414,0.43468,0.392079,0.426513,0.4685,60.312389,59.812669,45.839489,66.195026,0.8452,0.698549,0.648685,0.832149,0,0,0,0,102.921528,16.560773,60.454227,64.574745,21603,14150,14497,40579,14654,9944,0,4032,0,2614,0,4793,0,994,4225,0,0,0,10490,6952,0.479293,0.496685,0.430994,0,0,46.272516,0.607407,155.27027,138.042418,137.527538,54159,1.525648,0,0.534264,0.579413,0,1.5229,0,0.535286,0.437186,0,1.525075,0,0.532723,0.447942,0,1.52334,0,0.538001,0.438926,0,60.352034
24,0.848163,0.04422,0.041537,0.045774,0.05476,0.446693,0.446495,0.372453,0.468731,74.408851,65.306639,34.967877,51.733849,0.873896,0.736132,0.588793,0.789383,0,0,0,0,155.94526,19.872465,39.711841,78.333174,23766,15814,12342,41417,15277,11034,0,3322,0,2878,0,4943,0,1234,3617,0,0,0,8959,7932,0.482896,0.499373,0.434276,0,0,48.119981,0.607281,154.452141,142.058623,138.907572,54538,1.525609,0,0.538265,0.675066,0,1.522786,0,0.539387,0.425282,0,1.525084,0,0.538774,0.412719,0,1.523396,0,0.537628,0.451166,0,60.423109
24,0.851554,0.048551,0.049997,0.043122,0.04154,0.42529,0.467199,0.43692,0.407991,60.999567,64.963544,53.85014,41.797007,0.865512,0.664388,0.66866,0.801386,0,0,0,0,200.574859,20.576467,75.163833,60.517471,23373,16879,14673,36410,14110,11817,0,4008,0,3098,0,4021,0,1153,4271,0,0,0,10639,5971,0.479038,0.504215,0.434507,0,0,47.653593,0.602655,152.852274,141.899401,138.957561,54600,1.525642,0,0.532216,0.774152,0,1.522819,0,0.534174,0.421247,0,1.52503,0,0.534481,0.482897,0,1.523415,0,0.535341,0.432466,0,60.537828
24,0.850158,0.045832,0.045955,0.052762,0.052334,0.413749,0.441486,0.445253,0.438259,60.97421,67.361746,48.56633,45.341902,0.868236,0.729362,0.67563,0.781598,0,0,0,0,163.11144,19.387165,62.405009,85.917387,23015,15855,14768,39815,14056,11057,0,4869,0,2891,0,4863,0,1209,4286,0,0,0,10685,5403,0.483942,0.501194,0.436604,0,0,47.747035,0.620948,150.363936,139.520259,137.975648,54872,1.525562,0,0.538206,0.694766,0,1.522805,0,0.537461,0.437131,0,1.525055,0,0.538332,0.439959,0,1.523425,0,0.538167,0.463173,0,60.621235
24,0.846264,0.043066,0.057692,0.046924,0.045518,0.352844,0.490904,0.447403,0.433575,47.037237,75.018111,49.682614,52.864786,0.833052,0.658505,0.683194,0.785977,0,0,0,0,94.315134,21.735722,65.272111,50.66077,20668,17736,14877,36700,11891,12466,0,5379,0,3269,0,3807,0,1228,4330,0,0,0,10806,5349,0.476527,0.498295,0.429966,0,0,46.194252,0.614479,153.801828,136.44375,135.251101,54050,1.525677,0,0.530926,0.605153,0,1.522822,0,0.531856,0.411563,0,1.525061,0,0.533491,0.455754,0,1.523356,0,0.537075,0.403172,0,59.233269
24,0.857859,0.049862,0.050286,0.047364,0.054122,0.457736,0.418754,0.462531,0.439128,87.269325,56.752915,60.108196,47.821866,0.884124,0.714169,0.686744,0.830358,0,0,0,0,217.463682,16.76262,61.983333,82.961712,23799,14983,15391,41152,15249,10442,0,4308,0,2737,0,4844,0,1047,4476,0,0,0,11143,6023,0.491868,0.508149,0.445566,0,0,48.433905,0.613466,155.593947,138.550774,137.858689,55993,1.525594,0,0.534526,0.769317,0,1.522763,0,0.534368,0.41042,0,1.52497,0,0.532015,0.447662,0,1.523433,0,0.534748,0.465115,0,66.552982
24,0.864801,0.046851,0.046449,0.045843,0.047546,0.451248,0.399005,0.469441,0.483802,80.54261,58.308047,56.888626,79.906681,0.903846,0.751223,0.683408,0.840993,0,0,0,0,184.957325,16.948534,69.614997,106.271464,24523,14744,15901,44102,15403,10290,0,5014,0,2675,0,5274,0,793,4616,0,0,0,11483,5833,0.502515,0.512387,0.448847,0,0,48.403908,0.631212,152.462896,141.437075,138.219596,56417,1.525579,0,0.538509,0.709722,0,1.522832,0,0.541596,0.412768,0,1.524964,0,0.538129,0.449366,0,1.523348,0,0.537833,0.523337,0,69.239906
24,0.843929,0.046601,0.041461,0.052456,0.053178,0.39513,0.423392,0.426131,0.459213,61.619159,52.91022,42.566315,43.650083,0.816573,0.687114,0.630653,0.813335,0,0,0,0,122.514588,17.606382,60.52747,63.614378,21426,15227,14218,39970,13039,10706,0,4573,0,2791,0,4522,0,916,4140,0,0,0,10298,6732,0.472308,0.490949,0.425334,0,0,45.087808,0.623536,148.85951,135.370393,131.888473,53455,1.525599,0,0.536532,0.620317,0,1.522824,0,0.535692,0.40421,0,1.525135,0,0.539538,0.442434,0,1.523437,0,0.537336,0.424348,0,58.494972
24,0.868277,0.035428,0.060447,0.050954,0.048896,0.408504,0.493059,0.527914,0.389682,63.96604,73.480875,69.035303,40.83988,0.868661,0.736325,0.761654,0.865576,0,0,0,0,145.448965,20.817329,94.76733,79.326852,23158,18227,17745,41566,13662,12813,0,3914,0,3354,0,4524,0,874,5151,0,0,0,12827,4638,0.505413,0.521429,0.455706,0,0,49.594115,0.634987,155.719524,140.427856,138.385277,57235,1.525537,0,0.535365,0.651952,0,1.522757,0,0.535016,0.421116,0,1.524998,0,0.536305,0.476214,0,1.523379,0,0.535837,0.459621,0,72.393962
24,0.844786,0.047233,0.033482,0.056819,0.051194,0.473862,0.320112,0.438341,0.472476,78.479945,38.667295,45.113394,47.845941,0.856906,0.694226,0.629538,0.836472,0,0,0,0,142.606145,13.274928,51.827578,66.482081,22285,11625,14493,41327,16149,8160,0,3893,0,2157,0,5154,0,749,4240,0,0,0,10499,7049,0.472105,0.492768,0.428016,0,0,47.205849,0.605697,158.908426,135.728636,139.853391,53779,1.525588,0,0.537807,0.643538,0,1.522893,0,0.534385,0.412476,0,1.525101,0,0.536386,0.426391,0,1.523437,0,0.536301,0.431382,0,56.201452
24,0.857741,0.037188,0.058948,0.050237,0.043174,0.389675,0.499212,0.442142,0.439209,67.008914,75.692769,55.885546,63.865176,0.876366,0.696869,0.675465,0.807859,0,0,0,0,190.920809,23.21442,68.267827,81.571171,23158,18164,14644,39207,13430,12651,0,4714,0,3317,0,4157,0,1247,4261,0,0,0,10617,6161,0.488347,0.510874,0.440643,0,0,48.984474,0.615376,148.331365,141.01934,138.671335,55342,1.525554,0,0.536521,0.778591,0,1.522862,0,0.538612,0.431853,0,1.525069,0,0.535491,0.465956,0,1.523318,0,0.538859,0.464432,0,66.068098
24,0.848561,0.048439,0.046734,0.051707,0.047372,0.452713,0.436088,0.412559,0.421475,79.473382,69.95873,46.046502,54.084282,0.877943,0.682798,0.623364,0.803352,0,0,0,0,169.001567,18.440717,50.372015,65.717026,24736,15807,13943,37218,15440,11036,0,3250,0,2911,0,4371,0,913,4088,0,0,0,10142,6692,0.476329,0.49706,0.427554,0,0,48.410263,0.592048,153.535034,144.758287,140.685512,53681,1.525605,0,0.539628,0.687786,0,1.522811,0,0.53849,0.439264,0,1.525112,0,0.537406,0.441258,0,1.523418,0,0.537036,0.44971,0,60.15604
24,0.85908,0.047087,0.054872,0.041425,0.041457,0.468561,0.533548,0.390604,0.388512,83.319287,88.904659,37.625523,51.457684,0.919732,0.7104,0.609517,0.789362,0,0,0,0,417.454198,26.078443,47.943912,83.58362,28253,19416,12984,38332,16198,13545,0,1620,0,3506,0,4127,0,1176,3811,0,0,0,9481,7227,0.492027,0.51263,0.441291,0,0,51.744479,0.585452,157.933468,148.452191,147.609219,55451,1.525492,0,0.535013,1.071782,0,1.522778,0,0.533819,0.450518,0,1.525118,0,0.535432,0.439126,0,1.523408,0,0.53357,0.4924,0,67.865479
24,0.869493,0.050297,0.049106,0.047824,0.053034,0.465615,0.461477,0.428707,0.475245,69.280009,63.368562,46.463549,59.401291,0.915315,0.783997,0.654307,0.834138,0,0,0,0,352.759967,19.381847,55.348635,139.978173,26105,16804,14121,47623,15864,11649,0,3602,0,3062,0,5266,0,1238,4109,0,0,0,10202,7389,0.50612,0.528102,0.454907,0,0,50.52164,0.633946,160.571249,138.437273,139.678482,57177,1.52559,0,0.538576,0.962996,0,1.522748,0,0.539765,0.416437,0,1.525025,0,0.539291,0.423647,0,1.523286,0,0.536585,0.528797,0,72.197699
24,0.855106,0.046826,0.047515,0.054383,0.040756,0.493445,0.356781,0.496905,0.41206,97.155429,45.219598,69.034225,45.740115,0.895046,0.74974,0.68752,0.846265,0,0,0,0,228.316333,14.731538,148.964768,111.165846,24826,13231,16459,41742,17052,9326,0,3085,0,2415,0,5490,0,588,4782,0,0,0,11876,5436,0.488432,0.510704,0.442918,0,0,49.457464,0.604903,165.949374,137.082999,141.177556,55591,1.525615,0,0.537971,0.803443,0,1.522845,0,0.534548,0.412885,0,1.525039,0,0.537306,0.589252,0,1.523324,0,0.535342,0.534694,0,64.175446
24,0.854534,0.043349,0.058501,0.037248,0.043095,0.45942,0.490034,0.300693,0.513308,66.699293,73.417438,30.215847,61.253752,0.898624,0.72528,0.542209,0.77202,0,0,0,0,208.798538,20.443447,29.170648,76.88218,24742,17001,9996,44675,15787,11726,0,2968,0,3074,0,4658,0,1730,2945,0,0,0,7297,9745,0.489287,0.509012,0.440022,0,0,49.212168,0.608824,153.784463,141.024106,139.084447,55307,1.525516,0,0.53585,0.729552,0,1.522846,0,0.53429,0.426767,0,1.525161,0,0.534444,0.403055,0,1.523334,0,0.535754,0.442766,0,65.250898
24,0.858029,0.037704,0.053042,0.046494,0.049149,0.351159,0.472846,0.509351,0.435522,59.704443,83.310415,66.619345,52.072491,0.815704,0.713809,0.736816,0.863206,0,0,0,0,78.147475,20.656703,121.77308,63.482024,18504,17249,17285,40446,11601,12236,0,5300,0,3153,0,4471,0,827,4996,0,0,0,12441,5102,0.492731,0.509553,0.442543,0,0,46.51928,0.62997,146.335503,133.266225,129.780839,55599,1.525641,0,0.53555,0.573615,0,1.522778,0,0.533066,0.426236,0,1.52503,0,0.533507,0.527639,0,1.523373,0,0.536097,0.43046,0,65.344439
24,0.870429,0.05007,0.046856,0.046867,0.049606,0.446684,0.411968,0.490338,0.483284,79.268191,59.636714,72.751662,59.258572,0.87866,0.790822,0.718636,0.894965,0,0,0,0,173.515485,16.754191,96.714476,120.004162,23142,15018,16620,48117,15009,10535,0,4353,0,2721,0,5637,0,904,4809,0,0,0,11972,6542,0.505235,0.530507,0.457545,0,0,48.898971,0.642874,152.585135,138.245234,135.622628,57481,1.525589,0,0.534385,0.706084,0,1.52277,0,0.53731,0.41173,0,1.524969,0,0.538836,0.514229,0,1.523344,0,0.536101,0.514837,0,71.695858
24,0.86138,0.05096,0.049395,0.054132,0.03649,0.433843,0.451464,0.484522,0.415926,81.098075,59.269355,82.713532,47.671896,0.879662,0.671821,0.722477,0.817325,0,0,0,0,267.720323,18.779393,140.663673,99.257297,22903,16395,16479,36680,13905,11501,0,5165,0,3008,0,4174,0,1000,4775,0,0,0,11903,4661,0.487787,0.511763,0.44311,0,0,48.123499,0.618883,157.187596,142.280633,139.917214,55687,1.525592,0,0.539472,0.859021,0,1.522786,0,0.538164,0.422172,0,1.525027,0,0.539095,0.596842,0,1.523378,0,0.539233,0.498974,0,67.218018
24,0.845335,0.044113,0.047324,0.045027,0.04709,0.406854,0.465595,0.427233,0.404354,83.941634,62.54689,44.756536,37.436479,0.838391,0.649476,0.651683,0.782309,0,0,0,0,181.802253,18.105301,64.313457,53.218638,22544,16603,14290,37383,13373,11591,0,4187,0,3089,0,3876,0,1096,4181,0,0,0,10386,5827,0.470467,0.490082,0.424335,0,0,46.021565,0.605273,157.77157,136.090771,134.492104,53325,1.525603,0,0.536897,0.755953,0,1.522844,0,0.535823,0.398524,0,1.52508,0,0.53327,0.455115,0,1.523457,0,0.538048,0.404351,0,58.741819
24,0.851296,0.047837,0.042895,0.053527,0.044181,0.443152,0.382719,0.470315,0.447307,77.307615,45.19827,52.805338,54.803676,0.862957,0.686667,0.694679,0.836644,0,0,0,0,152.961425,15.521292,66.61474,80.087884,22531,13772,15862,39681,14838,9606,0,4787,0,2523,0,4753,0,893,4637,0,0,0,11491,5714,0.481679,0.502801,0.434048,0,0,47.642996,0.619677,150.434615,140.037297,134.034752,54500,1.52567,0,0.536762,0.679667,0,1.522842,0,0.535484,0.397639,0,1.525036,0,0.534373,0.441983,0,1.52335,0,0.537781,0.449846,0,61.748103
24,0.858623,0.040047,0.053501,0.050616,0.048397,0.438549,0.402021,0.439508,0.496427,79.775119,56.49582,59.223734,86.543659,0.877513,0.729756,0.652614,0.857009,0,0,0,0,180.398851,17.409864,89.411774,95.120726,23132,14642,14816,42814,15155,10225,0,4366,0,2654,0,5075,0,933,4295,0,0,0,10698,7304,0.494337,0.511003,0.44546,0,0,47.755624,0.625688,159.015273,140.535135,137.976945,55977,1.525644,0,0.535514,0.741725,0,1.522863,0,0.536567,0.415478,0,1.52497,0,0.534601,0.504305,0,1.523306,0,0.533193,0.507789,0,66.110402
24,0.865191,0.054495,0.056122,0.036832,0.041295,0.485506,0.528987,0.358971,0.42347,85.110277,110.817219,42.17916,45.5928,0.915782,0.763632,0.62899,0.771979,0,0,0,0,309.546711,24.483109,46.637159,80.458865,28210,18512,12202,43215,16310,12735,0,2009,0,3324,0,4829,0,1792,3556,0,0,0,8849,7643,0.497132,0.514171,0.445692,0,0,50.780088,0.589223,162.116208,151.828517,144.961155,56008,1.52556,0,0.52828,0.822701,0,1.522775,0,0.531562,0.469854,0,1.525049,0,0.531892,0.448096,0,1.523328,0,0.534441,0.45147,0,68.921998
24,0.850822,0.049796,0.044569,0.043012,0.048218,0.449431,0.403067,0.459351,0.425885,74.07925,54.037057,54.495834,52.42662,0.858344,0.720779,0.685264,0.811147,0,0,0,0,185.682574,16.868922,66.385063,70.274158,23658,14594,15430,39946,14947,10149,0,3958,0,2677,0,4964,0,1000,4496,0,0,0,11206,5447,0.476527,0.502911,0.432251,0,0,47.066673,0.600968,152.554479,139.701493,139.501032,54291,1.52567,0,0.532218,0.714614,0,1.522882,0,0.535154,0.415041,0,1.525037,0,0.534632,0.449294,0,1.523312,0,0.53855,0.449573,0,61.106629
24,0.853258,0.049362,0.066077,0.04711,0.031361,0.452371,0.46348,0.444929,0.38411,86.623863,69.309952,65.064954,44.007818,0.884337,0.682869,0.682967,0.785244,0,0,0,0,236.453764,20.548359,79.019498,76.403934,24804,16629,15038,37712,15051,11636,0,3550,0,3044,0,4255,0,1185,4358,0,0,0,10884,5226,0.481228,0.505629,0.435172,0,0,49.073278,0.59198,160.406391,144.320189,142.918062,54666,1.525576,0,0.537119,0.84181,0,1.522885,0,0.534371,0.436623,0,1.525053,0,0.533626,0.497362,0,1.523367,0,0.535918,0.476724,0,62.557723
24,0.858416,0.044197,0.052527,0.04889,0.047826,0.447465,0.483695,0.421298,0.421444,89.551726,67.265977,45.602791,46.606393,0.885814,0.733464,0.658702,0.795339,0,0,0,0,241.181768,20.921388,53.470061,82.245842,25301,17391,13998,42271,14900,12073,0,3448,0,3145,0,4680,0,1311,4092,0,0,0,10177,6436,0.491891,0.515898,0.443393,0,0,49.827999,0.610445,159.124916,143.580631,138.333382,55721,1.52555,0,0.539544,0.844219,0,1.522834,0,0.538245,0.422864,0,1.525039,0,0.537013,0.428749,0,1.523388,0,0.537817,0.467346,0,65.836184
24,0.838157,0.031788,0.039159,0.056164,0.053804,0.331803,0.361396,0.484692,0.507834,51.560507,44.912481,63.388472,70.543904,0.777694,0.66039,0.691608,0.8459,0,0,0,0,85.170529,13.383153,89.24137,61.368511,15480,12942,16230,39785,11020,9176,0,7312,0,2415,0,4582,0,738,4714,0,0,0,11705,5656,0.463265,0.487748,0.42173,0,0,42.100861,0.629726,145.277057,128.773222,126.405214,52996,1.525672,0,0.537219,0.594885,0,1.522895,0,0.536384,0.39412,0,1.525142,0,0.534021,0.471091,0,1.523353,0,0.538981,0.427088,0,56.165018
24,0.855026,0.035299,0.04012,0.050938,0.043554,0.391286,0.473791,0.472557,0.421306,52.88342,69.039217,64.946905,46.101888,0.857334,0.707756,0.71283,0.814159,0,0,0,0,99.32248,21.158323,92.794962,83.241399,21978,17220,15831,40507,13260,12032,0,4738,0,3149,0,4414,0,1153,4603,0,0,0,11465,5173,0.489316,0.507212,0.439388,0,0,47.103021,0.621003,149.334059,138.436118,135.103025,55199,1.525574,0,0.532869,0.572803,0,1.522769,0,0.5351,0.418141,0,1.525083,0,0.532979,0.508318,0,1.523425,0,0.536153,0.468296,0,64.811535
24,0.853091,0.046359,0.042898,0.04182,0.053403,0.444499,0.427544,0.405683,0.467691,77.701308,55.701432,45.806448,54.652266,0.87018,0.721097,0.636512,0.809285,0,0,0,0,225.44331,17.805347,51.144183,78.691368,22712,15320,13767,40431,14884,10701,0,4045,0,2830,0,4832,0,1156,4028,0,0,0,9991,7048,0.485273,0.503915,0.436886,0,0,48.170277,0.610299,158.585644,138.160964,136.734252,54844,1.525531,0,0.534552,0.824186,0,1.52287,0,0.535988,0.420695,0,1.524977,0,0.536039,0.426833,0,1.523434,0,0.535292,0.447865,0,62.933349
24,0.842686,0.046101,0.050845,0.054389,0.048946,0.415439,0.397113,0.43806,0.442496,67.929378,52.06582,48.111654,52.09463,0.851948,0.654216,0.633965,0.796609,0,0,0,0,136.59278,16.789487,52.810321,67.745495,22318,14483,14376,36741,14261,10188,0,4672,0,2667,0,4295,0,868,4196,0,0,0,10438,6118,0.471537,0.484956,0.425244,0,0,45.936772,0.607542,158.269864,138.547865,137.558741,53433,1.525641,0,0.538348,0.6636,0,1.52292,0,0.53489,0.414393,0,1.525119,0,0.535698,0.440339,0,1.523353,0,0.535985,0.438158,0,56.813374
24,0.860292,0.051473,0.047099,0.05439,0.044726,0.50535,0.380529,0.447751,0.44016,84.021248,51.434982,51.287532,51.928548,0.90179,0.746139,0.672134,0.819728,0,0,0,0,202.891489,15.675262,65.715977,105.849724,25831,13825,15029,42446,16914,9579,0,3336,0,2525,0,5355,0,1043,4369,0,0,0,10879,6109,0.492165,0.509866,0.444259,0,0,49.304712,0.605275,152.617481,146.945586,141.366667,55820,1.525546,0,0.537351,0.713256,0,1.522892,0,0.534687,0.423075,0,1.525086,0,0.537516,0.444122,0,1.523308,0,0.536164,0.499224,0,67.240788
24,0.851522,0.040944,0.058188,0.041093,0.047014,0.317354,0.506133,0.463968,0.444294,44.224247,81.201137,59.84068,66.237708,0.789298,0.690392,0.699593,0.839488,0,0,0,0,87.896025,21.568756,90.184792,58.581513,18396,18091,15524,38145,10779,12807,0,4940,0,3328,0,4081,0,1169,4492,0,0,0,11185,6198,0.479899,0.502339,0.43515,0,0,45.918506,0.627675,153.136001,134.338863,129.060054,54671,1.525666,0,0.540163,0.615243,0,1.522923,0,0.539157,0.43369,0,1.524988,0,0.538841,0.48893,0,1.523351,0,0.538414,0.450603,0,61.37485
24,0.855691,0.035323,0.047955,0.054546,0.050137,0.295071,0.511532,0.511815,0.443421,39.070017,88.112949,74.612318,51.044505,0.808279,0.676108,0.747601,0.858813,0,0,0,0,75.391556,22.117827,134.813112,61.115707,18631,18558,17326,38979,10097,13145,0,6415,0,3431,0,3844,0,932,5008,0,0,0,12495,4917,0.489957,0.508745,0.441015,0,0,46.293969,0.640613,146.9862,133.593127,132.149948,55428,1.525595,0,0.535446,0.579366,0,1.522803,0,0.539342,0.439131,0,1.524994,0,0.53522,0.563429,0,1.523416,0,0.536198,0.411587,0,64.152474
24,0.856106,0.057025,0.03616,0.046341,0.048103,0.463788,0.358555,0.4518,0.490056,82.19537,60.540928,61.450021,77.887979,0.867535,0.724932,0.653261,0.867238,0,0,0,0,128.037242,14.345594,72.305103,91.686007,22085,13051,15168,41264,15520,9230,0,4297,0,2382,0,5267,0,778,4401,0,0,0,10954,7219,0.491882,0.511022,0.441616,0,0,46.915712,0.618848,160.033668,136.664592,134.019605,55500,1.525688,0,0.5373,0.64237,0,1.522769,0,0.538464,0.438563,0,1.525045,0,0.538003,0.486251,0,1.523308,0,0.534928,0.498412,0,63.769636
24,0.84032,0.0574,0.040778,0.04052,0.044894,0.531202,0.377666,0.383148,0.392059,92.93528,42.730633,35.857016,41.889155,0.893981,0.653605,0.604785,0.772187,0,0,0,0,245.087639,15.531985,40.840219,56.773262,25480,13203,12963,36232,17791,9176,0,2083,0,2405,0,4519,0,1146,3796,0,0,0,9449,6835,0.466638,0.485594,0.421577,0,0,48.244942,0.568223,159.082128,148.585573,144.650992,52978,1.525649,0,0.537853,0.777412,0,1.5229,0,0.537344,0.404621,0,1.52513,0,0.538858,0.418196,0,1.523379,0,0.536748,0.448387,0,56.253178
24,0.845316,0.039323,0.04967,0.054295,0.039378,0.370731,0.44683,0.554593,0.337027,50.121865,62.314097,91.865852,31.539088,0.802108,0.596789,0.781476,0.868261,0,0,0,0,90.471431,18.630845,117.749861,45.314609,20753,16522,18841,30595,12234,11713,0,4282,0,3088,0,3340,0,629,5460,0,0,0,13593,3670,0.471279,0.492859,0.428228,0,0,46.49509,0.602825,153.103686,137.881479,137.616461,53821,1.525682,0,0.536194,0.587299,0,1.522849,0,0.538041,0.416545,0,1.525037,0,0.536999,0.516743,0,1.523424,0,0.536249,0.412814,0,58.744833
24,0.848683,0.043499,0.057061,0.040269,0.052414,0.395917,0.491246,0.412313,0.42031,52.085976,68.182183,40.11985,42.793403,0.843575,0.652407,0.645516,0.792957,0,0,0,0,120.503072,20.867756,44.137285,43.156038,22231,17628,13805,36723,13269,12336,0,3898,0,3267,0,3748,0,1202,4065,0,0,0,10048,6549,0.47314,0.499799,0.429222,0,0,47.264531,0.601851,157.113819,140.550198,135.522712,53930,1.525642,0,0.536933,0.615319,0,1.522914,0,0.534566,0.415958,0,1.525011,0,0.537007,0.414326,0,1.523394,0,0.536018,0.397145,0,59.848613
24,0.841816,0.048553,0.040216,0.039847,0.047252,0.422683,0.438375,0.400429,0.426485,63.046185,58.579203,44.981993,51.259766,0.842679,0.637111,0.633306,0.787194,0,0,0,0,120.61076,20.521695,52.360485,44.517426,21825,15724,13400,35385,14133,11023,0,3748,0,2878,0,3936,0,1250,3943,0,0,0,9799,6745,0.465624,0.49346,0.425859,0,0,47.339868,0.588563,155.070115,139.130043,140.481446,53507,1.525629,0,0.536621,0.622454,0,1.522853,0,0.534323,0.421892,0,1.525086,0,0.536997,0.439112,0,1.523453,0,0.538106,0.419536,0,57.070502
24,0.840915,0.045786,0.048129,0.037536,0.057,0.421205,0.400042,0.405177,0.464677,77.325866,48.682653,47.00732,54.339385,0.84097,0.692718,0.616665,0.787097,0,0,0,0,150.715736,15.262437,50.042483,57.760739,21053,14439,13473,41210,14090,10127,0,4537,0,2664,0,4691,0,1036,3957,0,0,0,9802,6739,0.470593,0.488154,0.425546,0,0,45.704551,0.606267,154.561882,137.342389,135.223493,53490,1.525599,0,0.534885,0.69954,0,1.52291,0,0.536083,0.403336,0,1.525028,0,0.533167,0.425343,0,1.52341,0,0.534061,0.423855,0,56.433641
24,0.864395,0.049181,0.042935,0.052674,0.055303,0.410571,0.419982,0.44835,0.528334,53.316651,51.321128,54.195146,66.663515,0.859853,0.754857,0.677023,0.884098,0,0,0,0,106.84701,14.984715,64.374444,72.283411,22134,15066,15296,45448,13891,10567,0,5202,0,2773,0,5225,0,979,4448,0,0,0,11048,7518,0.498087,0.523034,0.450887,0,0,47.108301,0.649594,144.399622,136.852671,131.93838,56670,1.525588,0,0.538378,0.580004,0,1.522753,0,0.539754,0.390169,0,1.525051,0,0.537848,0.446846,0,1.52334,0,0.539774,0.42636,0,69.374113
24,0.852957,0.050715,0.051397,0.0401,0.030973,0.478723,0.500793,0.411927,0.354579,77.753216,78.604232,44.21639,44.448697,0.900327,0.656972,0.637917,0.783504,0,0,0,0,202.174288,22.553237,54.083103,59.64936,27723,18217,13639,34865,16051,12673,0,1813,0,3320,0,3749,0,1257,3972,0,0,0,9920,6488,0.481737,0.503926,0.435436,0,0,50.171187,0.578483,158.821213,146.838394,145.392188,54714,1.52554,0,0.537019,0.724199,0,1.522828,0,0.538628,0.444185,0,1.52512,0,0.536168,0.43728,0,1.523367,0,0.534747,0.46745,0,62.497731
24,0.868722,0.043555,0.047343,0.051549,0.052214,0.410313,0.480259,0.440731,0.493404,63.689167,80.558217,63.665048,56.164199,0.865691,0.77967,0.677459,0.871766,0,0,0,0,136.24004,20.913855,79.683473,106.276832,23192,17182,15058,46258,13746,11987,0,4401,0,3099,0,5190,0,1100,4372,0,0,0,10863,7456,0.502186,0.530938,0.455865,0,0,48.874564,0.646945,152.376581,142.44183,133.170052,57281,1.525553,0,0.537582,0.64775,0,1.522762,0,0.539316,0.429423,0,1.525031,0,0.53557,0.500945,0,1.523328,0,0.536586,0.476208,0,72.250741
24,0.852618,0.048042,0.059954,0.047072,0.043827,0.41192,0.503056,0.368647,0.474222,79.769683,72.312118,49.909744,55.190671,0.859231,0.722766,0.619104,0.804291,0,0,0,0,248.362266,21.127852,61.555961,81.658687,24808,17863,12429,43805,14214,12335,0,3141,0,3226,0,4500,0,1617,3597,0,0,0,8971,8300,0.484641,0.505211,0.43732,0,0,48.071476,0.608153,156.250144,142.640334,132.666274,54950,1.525574,0,0.536698,0.870644,0,1.522854,0,0.535663,0.420583,0,1.525046,0,0.535502,0.474974,0,1.523362,0,0.537089,0.45411,0,62.510278
24,0.848644,0.044234,0.046239,0.05112,0.039402,0.406891,0.406815,0.500191,0.40498,65.662475,55.578747,72.650137,46.292789,0.853058,0.660494,0.726066,0.82393,0,0,0,0,134.784303,16.319691,89.903006,68.725021,20504,14525,16986,37417,13873,10205,0,5275,0,2688,0,4341,0,814,4923,0,0,0,12257,4356,0.479532,0.49743,0.430522,0,0,46.744964,0.603916,148.202601,138.113126,137.696831,54031,1.525536,0,0.532892,0.675069,0,1.522861,0,0.535782,0.403039,0,1.525034,0,0.534211,0.491476,0,1.523472,0,0.534456,0.451632,0,60.052314
24,0.844334,0.048704,0.042997,0.049875,0.054704,0.397239,0.395922,0.379658,0.544322,56.232808,51.350185,42.878101,66.122825,0.83583,0.724438,0.601951,0.806955,0,0,0,0,101.981331,16.209689,52.005118,69.197601,19885,13968,12641,43500,13532,9723,0,5504,0,2545,0,5118,0,1260,3699,0,0,0,9187,8073,0.477843,0.494825,0.430178,0,0,45.22514,0.628817,153.803752,134.683632,130.246987,54038,1.525694,0,0.537275,0.597882,0,1.522859,0,0.536571,0.418759,0,1.525097,0,0.537747,0.439693,0,1.523349,0,0.537177,0.417187,0,58.441726
24,0.85349,0.048223,0.044811,0.052889,0.03434,0.459024,0.455763,0.464548,0.371858,74.707349,66.91704,61.435982,38.970455,0.882239,0.675152,0.678386,0.803333,0,0,0,0,136.44589,20.368676,76.7331,60.657109,25850,16630,15132,37666,15287,11577,0,3173,0,3064,0,4159,0,1051,4410,0,0,0,11006,5519,0.481615,0.503962,0.434072,0,0,48.31544,0.597154,156.166321,142.593686,141.385067,54539,1.525543,0,0.534664,0.611151,0,1.52281,0,0.537741,0.430721,0,1.525075,0,0.537792,0.456771,0,1.523445,0,0.534594,0.450243,0,63.44519
24,0.854034,0.056989,0.048485,0.047564,0.041166,0.438669,0.415637,0.456805,0.444716,73.341736,56.536585,46.613493,42.984428,0.868466,0.718519,0.673908,0.821637,0,0,0,0,255.3717,16.789353,57.477283,87.674405,23067,14911,15274,41366,14729,10458,0,4424,0,2725,0,4900,0,922,4462,0,0,0,11095,5869,0.484499,0.509938,0.437546,0,0,48.103424,0.617585,155.341442,137.722844,138.003199,54996,1.525575,0,0.541573,0.84654,0,1.522837,0,0.538709,0.413613,0,1.525045,0,0.538201,0.423909,0,1.523391,0,0.53684,0.470977,0,63.87554
24,0.840921,0.042491,0.045617,0.045806,0.065644,0.431156,0.356643,0.37882,0.524431,80.983214,39.888333,39.68313,79.551523,0.852387,0.68879,0.574869,0.803428,0,0,0,0,147.247236,13.298533,42.310724,64.424159,21029,12705,12509,42250,14902,8880,0,4903,0,2339,0,4936,0,1021,3651,0,0,0,9056,8159,0.467728,0.490679,0.423704,0,0,45.204803,0.61607,153.366707,135.099429,131.239203,53183,1.525589,0,0.535881,0.673618,0,1.522884,0,0.536206,0.390315,0,1.52511,0,0.538434,0.415395,0,1.523438,0,0.536394,0.445024,0,55.154519
24,0.858738,0.032566,0.05102,0.035888,0.060868,0.393236,0.507107,0.343615,0.53638,65.678711,73.459686,35.126246,67.765493,0.849882,0.741173,0.595327,0.830453,0,0,0,0,141.30832,20.52967,38.521884,83.859018,22766,17726,11402,46425,13570,12293,0,3744,0,3236,0,4677,0,1741,3337,0,0,0,8291,9887,0.494567,0.512009,0.443307,0,0,47.560559,0.627839,149.108878,139.814288,131.389841,55697,1.525508,0,0.532983,0.658334,0,1.522818,0,0.535081,0.413741,0,1.525147,0,0.531879,0.430485,0,1.523305,0,0.535743,0.442292,0,65.661076
24,0.860692,0.048722,0.055353,0.044809,0.050385,0.423809,0.444428,0.484556,0.443378,74.915869,65.387643,62.129898,60.732069,0.877291,0.716626,0.715915,0.848494,0,0,0,0,188.548554,18.076445,105.269458,122.0753,22165,15958,16560,41209,14138,11209,0,4984,0,2892,0,4731,0,910,4784,0,0,0,11962,5378,0.49571,0.518001,0.446385,0,0,47.791231,0.623258,158.205145,140.265142,135.76876,56108,1.525575,0,0.537061,0.768904,0,1.522773,0,0.535524,0.418359,0,1.524988,0,0.533273,0.509423,0,1.523385,0,0.535488,0.530678,0,67.250789
24,0.856109,0.048432,0.043208,0.044502,0.045254,0.45371,0.388821,0.474142,0.453006,97.265974,48.761777,54.341286,77.498457,0.866635,0.728365,0.691824,0.846841,0,0,0,0,200.981288,15.466402,70.853606,130.854682,22466,14056,15787,41935,15111,9802,0,4357,0,2586,0,5121,0,936,4587,0,0,0,11404,6089,0.491441,0.507608,0.440556,0,0,47.20476,0.615815,155.741054,140.26852,136.527505,55304,1.525615,0,0.530894,0.8096,0,1.522749,0,0.532897,0.396078,0,1.525083,0,0.535951,0.451399,0,1.523321,0,0.53746,0.566308,0,65.02672
24,0.863596,0.043655,0.065103,0.04036,0.039929,0.418169,0.514863,0.440725,0.421596,61.434575,85.777119,47.443305,52.541975,0.869177,0.731617,0.663695,0.793191,0,0,0,0,212.027756,23.359463,65.795029,81.182507,24733,18876,14627,40119,13300,13222,0,4111,0,3444,0,4397,0,1066,4291,0,0,0,10638,5760,0.487933,0.511672,0.440745,0,0,48.278794,0.625083,155.887209,140.829944,137.252461,55387,1.525662,0,0.535657,0.630227,0,1.522797,0,0.538954,0.444123,0,1.524996,0,0.533967,0.447015,0,1.5233,0,0.536007,0.459469,0,69.403665
24,0.848681,0.045515,0.048243,0.046788,0.046712,0.411573,0.448218,0.428064,0.434836,66.204817,61.550428,60.130939,50.552871,0.843231,0.683841,0.633318,0.822038,0,0,0,0,132.538103,17.966377,80.065958,61.687608,21933,16229,14132,37952,14137,11387,0,3444,0,3009,0,4296,0,993,4110,0,0,0,10218,7064,0.471986,0.501313,0.430202,0,0,46.611729,0.603099,148.831963,136.590933,136.123309,54019,1.525592,0,0.536553,0.653625,0,1.522857,0,0.535075,0.406995,0,1.525019,0,0.5357,0.496865,0,1.523463,0,0.534774,0.44058,0,59.461804
24,0.862908,0.038843,0.06614,0.053788,0.029274,0.368453,0.513408,0.511664,0.395019,65.834895,86.972846,62.078992,45.409113,0.845686,0.725303,0.752414,0.8464,0,0,0,0,161.212507,23.708448,137.06913,69.490492,21847,18543,17414,40219,12503,13095,0,4438,0,3385,0,4384,0,933,5044,0,0,0,12554,4517,0.493212,0.517703,0.445454,0,0,47.804026,0.62848,147.396472,138.739833,138.232781,55991,1.525577,0,0.534985,0.721496,0,1.522828,0,0.538497,0.416029,0,1.525033,0,0.538068,0.541005,0,1.523306,0,0.536164,0.452054,0,67.612876
24,0.847142,0.047561,0.044269,0.053364,0.040642,0.488295,0.438361,0.439827,0.355123,82.019662,66.66749,45.683119,33.566003,0.883117,0.646935,0.661432,0.802938,0,0,0,0,223.197647,19.563773,61.148063,57.235181,26005,15672,14536,35785,16483,10947,0,2002,0,2865,0,4048,0,1134,4229,0,0,0,10539,6141,0.475228,0.497867,0.431555,0,0,49.635887,0.577413,161.243963,146.446269,146.109509,54197,1.525586,0,0.533565,0.757415,0,1.522778,0,0.535955,0.444104,0,1.525128,0,0.532542,0.437039,0,1.523441,0,0.539048,0.440261,0,59.571465
24,0.83845,0.051913,0.044079,0.038513,0.048751,0.461874,0.421964,0.357982,0.436438,89.211229,55.108167,31.834368,47.643412,0.851807,0.672767,0.569401,0.781906,0,0,0,0,241.468046,17.618753,36.603367,72.032996,23839,14986,11916,40347,15675,10428,0,2372,0,2728,0,4432,0,1198,3496,0,0,0,8673,8136,0.467619,0.483199,0.420313,0,0,47.361185,0.583264,161.745059,142.404359,136.024241,52820,1.525645,0,0.539786,0.855226,0,1.522904,0,0.536858,0.419815,0,1.525147,0,0.536996,0.418777,0,1.523385,0,0.533721,0.451997,0,54.73107
24,0.859681,0.035226,0.055869,0.046838,0.055608,0.337936,0.43527,0.471237,0.522738,51.262019,63.344325,85.894678,99.374603,0.820992,0.706862,0.709898,0.865537,0,0,0,0,107.113659,17.55819,129.790397,106.952151,18719,15584,15985,43433,11665,10899,0,6602,0,2835,0,4683,0,1118,4603,0,0,0,11470,6474,0.491622,0.507575,0.439977,0,0,45.378641,0.635956,146.126565,135.93742,131.000097,55290,1.52554,0,0.530914,0.648514,0,1.522918,0,0.534429,0.420286,0,1.52499,0,0.533829,0.581136,0,1.523374,0,0.533118,0.527787,0,66.603559
24,0.860597,0.048792,0.06301,0.036587,0.048211,0.486893,0.505118,0.394086,0.401267,80.119613,78.516874,59.077219,41.377451,0.919672,0.740973,0.633301,0.794145,0,0,0,0,269.364089,21.979623,65.283671,72.479527,28592,18138,13310,41813,16677,12539,0,1803,0,3272,0,4645,0,1370,3863,0,0,0,9633,7142,0.496119,0.510075,0.444326,0,0,51.04509,0.59235,163.574199,147.28665,144.131636,55789,1.525562,0,0.533217,0.818933,0,1.522782,0,0.531734,0.440087,0,1.525014,0,0.535151,0.473362,0,1.523429,0,0.534447,0.473937,0,68.617433
24,0.865101,0.048681,0.052303,0.046304,0.042936,0.459679,0.553059,0.463102,0.331981,66.83232,82.779956,51.108967,32.32717,0.917469,0.701053,0.697287,0.824893,0,0,0,0,357.133891,24.292286,54.850584,55.391558,27639,20006,15369,37040,15719,13993,0,1834,0,3666,0,3890,0,1130,4501,0,0,0,11242,5749,0.498865,0.525218,0.452355,0,0,52.022822,0.60304,167.283584,148.834332,144.695839,56860,1.525535,0,0.538234,0.980559,0,1.522763,0,0.537385,0.430643,0,1.524996,0,0.536694,0.422167,0,1.523453,0,0.534954,0.447525,0,69.073004
24,0.858881,0.044215,0.038386,0.060233,0.047217,0.409991,0.386311,0.57582,0.399774,66.520858,46.066569,102.567225,38.956708,0.857627,0.723081,0.796548,0.875657,0,0,0,0,137.44188,14.903527,165.662054,96.840696,21532,14168,19301,41060,14163,9954,0,5256,0,2616,0,5041,0,661,5552,0,0,0,13866,3486,0.492763,0.513613,0.44227,0,0,47.099767,0.630446,151.129895,137.480728,137.56621,55534,1.525533,0,0.534511,0.657114,0,1.522868,0,0.536701,0.413703,0,1.524982,0,0.534679,0.595042,0,1.523373,0,0.535282,0.471148,0,66.760126
24,0.847707,0.052809,0.039772,0.052034,0.050397,0.481259,0.357332,0.470657,0.400944,81.565965,45.886473,60.111494,42.495057,0.874355,0.667293,0.686366,0.8168,0,0,0,0,160.340784,15.553285,66.788132,67.58429,23987,12924,15576,38064,16331,9032,0,3559,0,2360,0,4700,0,938,4543,0,0,0,11285,5486,0.474319,0.490643,0.427665,0,0,46.993348,0.602511,157.714565,140.003711,138.593078,53744,1.525594,0,0.537057,0.653769,0,1.522908,0,0.534267,0.414309,0,1.525008,0,0.535319,0.461502,0,1.523458,0,0.539861,0.440587,0,59.692542
24,0.841465,0.053514,0.041161,0.04218,0.038688,0.471022,0.371222,0.405195,0.448846,82.744682,47.320621,37.158836,65.615208,0.867364,0.658621,0.612472,0.799386,0,0,0,0,234.517786,15.136548,44.451447,92.271046,23474,13392,13412,38325,15734,9325,0,3896,0,2465,0,4519,0,1019,3936,0,0,0,9768,7097,0.467775,0.487994,0.42237,0,0,46.398202,0.603858,148.947129,141.782873,138.454532,53081,1.525643,0,0.539991,0.769553,0,1.522927,0,0.536044,0.412141,0,1.525122,0,0.538305,0.41283,0,1.523391,0,0.535335,0.491061,0,55.833644
24,0.840165,0.041631,0.055703,0.047823,0.052494,0.404129,0.407835,0.448153,0.425851,54.520776,54.624201,50.199665,49.009267,0.820236,0.702472,0.678213,0.802192,0,0,0,0,125.660397,17.260268,74.983556,57.792619,21612,14698,15249,39315,13559,10334,0,4286,0,2695,0,4762,0,979,4456,0,0,0,11034,5453,0.463749,0.490082,0.421356,0,0,45.656171,0.605704,152.348298,137.708097,134.779986,52919,1.52569,0,0.53756,0.619568,0,1.522842,0,0.536444,0.422023,0,1.52511,0,0.539165,0.454122,0,1.52342,0,0.536416,0.424349,0,55.540925
24,0.839926,0.041057,0.044057,0.054392,0.050956,0.398931,0.430167,0.429958,0.427138,51.171688,58.078306,52.117169,41.066365,0.811147,0.667462,0.663895,0.79475,0,0,0,0,116.118678,18.184303,71.020212,54.569173,21055,15289,14460,38829,13086,10684,0,4304,0,2809,0,4305,0,1204,4202,0,0,0,10451,6053,0.46866,0.485009,0.420319,0,0,45.541458,0.604178,157.446133,137.947002,135.000499,52818,1.525683,0,0.53764,0.612091,0,1.522856,0,0.534922,0.42721,0,1.525105,0,0.533882,0.46048,0,1.523415,0,0.534484,0.412215,0,55.687385
24,0.846583,0.04217,0.046942,0.044666,0.046331,0.40374,0.420374,0.443959,0.446075,60.41812,62.795837,54.259296,46.604174,0.836441,0.678582,0.664871,0.816043,0,0,0,0,139.905986,18.065631,81.73926,60.255088,21629,15106,14878,39615,13615,10586,0,4639,0,2764,0,4457,0,1012,4335,0,0,0,10811,6109,0.471587,0.49843,0.425801,0,0,46.474207,0.605857,145.917416,137.643774,136.372624,53473,1.525622,0,0.53796,0.651114,0,1.522805,0,0.537375,0.424689,0,1.525116,0,0.53627,0.485523,0,1.523432,0,0.538277,0.413354,0,59.805473
24,0.870402,0.055417,0.057759,0.036578,0.043483,0.467074,0.481413,0.390638,0.489918,87.226177,69.464593,46.558851,54.941887,0.89972,0.75742,0.622592,0.831855,0,0,0,0,251.484895,19.245706,57.008393,102.653436,25167,17124,13226,45429,15524,11926,0,3225,0,3117,0,4948,0,1269,3849,0,0,0,9551,8214,0.501278,0.521072,0.454616,0,0,49.82682,0.623832,157.990519,144.274758,138.936941,57125,1.525554,0,0.534392,0.782594,0,1.522768,0,0.535618,0.410483,0,1.524989,0,0.535717,0.449226,0,1.523369,0,0.53529,0.482141,0,72.538995
24,0.85343,0.054394,0.040118,0.039714,0.055394,0.466883,0.440811,0.35462,0.484957,73.651495,60.978379,36.966013,50.547909,0.888179,0.726239,0.570134,0.795745,0,0,0,0,182.280035,18.540296,43.958304,81.877294,24808,15698,11926,43471,15887,10927,0,3100,0,2847,0,4870,0,1215,3491,0,0,0,8706,8443,0.487862,0.502582,0.43671,0,0,48.376381,0.614514,160.574605,143.289947,139.486498,54886,1.525635,0,0.535787,0.708625,0,1.522811,0,0.536131,0.423903,0,1.525096,0,0.536192,0.430711,0,1.523352,0,0.537388,0.45544,0,62.831509
24,0.855926,0.042168,0.043757,0.043798,0.055386,0.381022,0.425893,0.45475,0.498638,52.788782,52.740338,52.059247,57.499637,0.835649,0.736625,0.685552,0.84981,0,0,0,0,116.629299,16.639771,63.263101,90.378765,20057,15057,15505,43684,12956,10588,0,5581,0,2767,0,5044,0,986,4506,0,0,0,11209,6429,0.484642,0.509407,0.440408,0,0,45.788618,0.643499,153.105872,135.384615,131.202856,55337,1.525652,0,0.533306,0.585493,0,1.522843,0,0.533555,0.402874,0,1.524998,0,0.536098,0.436089,0,1.523356,0,0.534164,0.454624,0,64.349757
24,0.858187,0.035896,0.056857,0.040669,0.049421,0.397159,0.472349,0.434139,0.468767,62.176101,62.96321,58.538922,58.878266,0.861311,0.718015,0.659782,0.813472,0,0,0,0,178.4187,20.366763,61.693033,85.679825,22093,16960,14446,41319,13506,11869,0,4677,0,3113,0,4551,0,1124,4223,0,0,0,10492,6472,0.487963,0.506603,0.439765,0,0,47.205299,0.625055,154.293144,139.661533,134.104827,55239,1.525587,0,0.538314,0.696872,0,1.522836,0,0.53666,0.421675,0,1.525062,0,0.5378,0.460562,0,1.52336,0,0.535532,0.460211,0,66.185273
24,0.850359,0.048883,0.069756,0.030941,0.033167,0.461532,0.526481,0.34452,0.405351,87.285685,106.984169,39.172665,46.418856,0.889009,0.672963,0.593478,0.757043,0,0,0,0,185.583153,23.571418,47.748909,56.831822,27005,18743,11381,37025,15484,12956,0,1945,0,3402,0,3839,0,1731,3330,0,0,0,8286,8027,0.485076,0.500585,0.433536,0,0,50.078149,0.578138,159.612528,143.032983,142.733781,54476,1.525566,0,0.539554,0.744782,0,1.522802,0,0.534902,0.461689,0,1.525119,0,0.535961,0.464075,0,1.523465,0,0.533784,0.442912,0,61.90409
24,0.830654,0.044345,0.049995,0.055564,0.035851,0.41107,0.39926,0.471241,0.366681,65.23269,52.643944,63.306515,37.607577,0.820324,0.630308,0.690779,0.783241,0,0,0,0,129.723061,17.85168,89.131375,52.737153,21289,14306,15775,33302,13846,10078,0,4093,0,2662,0,4058,0,903,4601,0,0,0,11432,4436,0.462567,0.473169,0.414115,0,0,45.883485,0.578946,158.431821,137.427883,136.19338,52032,1.525646,0,0.537414,0.667337,0,1.522868,0,0.536477,0.433328,0,1.525153,0,0.536382,0.495789,0,1.52345,0,0.539495,0.432713,0,51.677675
24,0.855543,0.040457,0.041526,0.054847,0.047431,0.364824,0.456374,0.43589,0.507848,54.18906,71.790712,60.474097,85.03884,0.845786,0.722638,0.670333,0.819919,0,0,0,0,84.07125,19.923486,61.402789,74.726182,19940,16265,14798,42730,12126,11365,0,6529,0,2974,0,4721,0,1092,4324,0,0,0,10743,6301,0.495814,0.508007,0.443019,0,0,46.696647,0.634691,154.816313,133.214045,129.535915,55650,1.525657,0,0.535718,0.577158,0,1.522861,0,0.538078,0.432665,0,1.525019,0,0.535041,0.461345,0,1.523305,0,0.536939,0.475046,0,63.707293
24,0.852929,0.059363,0.048303,0.043743,0.037824,0.57032,0.460368,0.327254,0.389251,91.594355,62.15457,34.410228,38.389862,0.931073,0.703312,0.573171,0.763329,0,0,0,0,319.544636,20.33634,38.909464,81.029069,29536,16203,11088,38775,18866,11148,0,272,0,2932,0,4562,0,1621,3249,0,0,0,8068,8483,0.481778,0.499476,0.435398,0,0,50.926553,0.567972,173.134744,149.576786,148.513117,54702,1.525649,0,0.537418,0.781862,0,1.522788,0,0.540644,0.428906,0,1.525124,0,0.534934,0.439972,0,1.523313,0,0.533191,0.485144,0,62.966802
24,0.852996,0.040962,0.046981,0.051542,0.048291,0.383179,0.444028,0.453478,0.459096,53.940119,53.307486,57.871221,47.276168,0.83603,0.698276,0.67888,0.828224,0,0,0,0,151.24261,18.048879,83.137513,63.790168,21205,15972,15115,41782,12875,11231,0,5144,0,2949,0,4495,0,1072,4402,0,0,0,10954,6227,0.485225,0.501195,0.437067,0,0,46.44816,0.622146,152.023308,136.627747,135.663797,54869,1.525657,0,0.53418,0.693788,0,1.52287,0,0.536889,0.39641,0,1.525051,0,0.536716,0.491803,0,1.523347,0,0.534199,0.416375,0,62.332715
24,0.846874,0.050009,0.049175,0.04151,0.043589,0.469552,0.472249,0.379667,0.399236,71.971903,70.928955,43.94092,41.541121,0.891407,0.702112,0.618238,0.749263,0,0,0,0,204.393449,22.035915,49.689596,83.562976,26206,16750,12509,38426,15904,11588,0,2631,0,3041,0,4453,0,1503,3663,0,0,0,9109,6714,0.473345,0.498127,0.429651,0,0,49.587567,0.595137,165.380818,144.620937,141.985781,53987,1.525673,0,0.538441,0.746478,0,1.522827,0,0.533439,0.44402,0,1.525053,0,0.535335,0.451489,0,1.523377,0,0.537896,0.479289,0,59.829627
24,0.861849,0.051588,0.042025,0.049728,0.046417,0.449062,0.418255,0.406445,0.531144,80.120019,59.580429,44.405345,80.469266,0.894406,0.751219,0.643405,0.848558,0,0,0,0,160.285648,17.703978,62.141686,108.875425,23329,14893,13776,45011,15233,10352,0,4828,0,2686,0,5265,0,1251,4018,0,0,0,9940,8112,0.502233,0.516901,0.450064,0,0,48.756843,0.634084,156.163847,138.119564,135.202321,56509,1.525568,0,0.541136,0.677439,0,1.522784,0,0.53607,0.423891,0,1.525073,0,0.538365,0.456586,0,1.523286,0,0.539831,0.489307,0,67.86821
24,0.846993,0.042177,0.042033,0.048285,0.052299,0.392525,0.418582,0.421295,0.501798,50.426188,58.999919,44.013562,58.692885,0.842511,0.726223,0.645819,0.808286,0,0,0,0,88.074144,17.391585,55.385996,64.391888,20753,15150,14168,42998,13231,10599,0,5441,0,2775,0,4934,0,1093,4139,0,0,0,10269,6645,0.482448,0.497896,0.436027,0,0,45.90731,0.632346,151.503034,135.185677,132.018746,54807,1.525653,0,0.537595,0.545986,0,1.522789,0,0.536123,0.410471,0,1.525045,0,0.536814,0.429542,0,1.523369,0,0.535584,0.426055,0,60.015675
24,0.859105,0.053592,0.054935,0.039704,0.05367,0.444459,0.392067,0.382944,0.549168,73.392772,49.761734,44.922874,76.341252,0.877354,0.740387,0.611092,0.838746,0,0,0,0,152.160798,14.917622,51.005752,112.953909,22911,14033,13027,45803,15177,9739,0,4753,0,2549,0,5275,0,1221,3795,0,0,0,9443,8535,0.492394,0.511717,0.442501,0,0,47.573482,0.629463,158.412123,139.765625,133.776289,55598,1.52566,0,0.533002,0.689671,0,1.52277,0,0.536023,0.403803,0,1.52502,0,0.537157,0.45165,0,1.523373,0,0.536892,0.496987,0,66.802733
24,0.851362,0.042179,0.053171,0.042075,0.046819,0.406856,0.481041,0.405619,0.440131,67.772188,68.683426,44.671768,42.702528,0.856181,0.728823,0.637755,0.79156,0,0,0,0,201.052651,21.267506,47.879378,72.257411,23606,17356,13352,43160,14059,12088,0,3471,0,3180,0,4602,0,1360,3904,0,0,0,9677,7017,0.484625,0.501298,0.435412,0,0,48.224589,0.610166,157.982426,140.596207,138.327653,54727,1.525658,0,0.529983,0.791768,0,1.522781,0,0.534134,0.42528,0,1.525026,0,0.537137,0.417403,0,1.523423,0,0.532088,0.444386,0,63.085859
24,0.857726,0.04656,0.050583,0.040898,0.053947,0.401536,0.548842,0.344041,0.463705,66.076957,105.905224,32.073094,61.717015,0.869261,0.737246,0.594921,0.767939,0,0,0,0,164.29768,24.341179,39.889653,84.570401,24121,19732,11575,44624,13405,13730,0,3514,0,3565,0,4348,0,1659,3386,0,0,0,8395,8152,0.487162,0.507719,0.440538,0,0,48.560652,0.609992,153.899336,143.438418,136.433745,55375,1.525618,0,0.53417,0.744801,0,1.522761,0,0.535791,0.440521,0,1.525097,0,0.535263,0.413985,0,1.523373,0,0.537734,0.47138,0,64.008549
24,0.859907,0.038969,0.056667,0.046451,0.043519,0.397512,0.475908,0.48498,0.423713,55.448043,63.644097,70.630983,48.542617,0.850348,0.678918,0.719984,0.848166,0,0,0,0,102.299125,18.713493,88.231831,58.694162,21740,17135,16340,39738,13239,11991,0,4521,0,3152,0,4119,0,1051,4723,0,0,0,11799,5586,0.4948,0.509937,0.446919,0,0,48.049024,0.626541,157.354095,134.36043,137.371171,56170,1.525678,0,0.538481,0.574627,0,1.522752,0,0.538847,0.402653,0,1.524975,0,0.537251,0.489199,0,1.523373,0,0.535301,0.434051,0,66.617738
24,0.851657,0.055369,0.041324,0.05849,0.032924,0.482482,0.381658,0.495789,0.383529,106.808146,51.815256,59.33411,40.652568,0.882481,0.695522,0.722421,0.830259,0,0,0,0,407.495375,16.68558,95.130529,89.490476,24548,13944,16619,39254,16408,9691,0,3192,0,2549,0,4820,0,951,4806,0,0,0,11961,4912,0.484239,0.502355,0.436005,0,0,49.072894,0.59466,158.90036,143.917949,142.000794,54728,1.525661,0,0.537584,1.100626,0,1.522874,0,0.536575,0.433414,0,1.52504,0,0.538266,0.489521,0,1.523344,0,0.538295,0.492684,0,62.009102
24,0.846505,0.049629,0.046469,0.056959,0.038134,0.49676,0.428081,0.482912,0.3217,82.348004,53.324097,56.36926,31.666604,0.904356,0.633942,0.69275,0.812513,0,0,0,0,263.64987,18.074245,63.111426,64.376152,26780,15670,15896,33302,17064,10939,0,2019,0,2893,0,3890,0,863,4641,0,0,0,11549,5018,0.477417,0.504175,0.43453,0,0,50.706065,0.58631,155.643181,144.002333,145.44224,54562,1.525552,0,0.535881,0.82034,0,1.522852,0,0.53627,0.415881,0,1.525089,0,0.536585,0.451251,0,1.523358,0,0.534498,0.467014,0,59.594439
24,0.849736,0.052082,0.03459,0.039369,0.057599,0.452551,0.386647,0.429969,0.47619,74.924186,58.162827,54.083113,46.894463,0.867168,0.737635,0.665029,0.817413,0,0,0,0,161.227737,17.706983,80.875739,82.506368,23582,13938,14630,43669,15307,9715,0,4170,0,2517,0,5277,0,1133,4256,0,0,0,10579,6456,0.481175,0.503981,0.437586,0,0,46.89084,0.618627,153.788791,144.751958,136.355733,54965,1.525664,0,0.532839,0.681216,0,1.522759,0,0.535208,0.438003,0,1.525006,0,0.533824,0.482569,0,1.523392,0,0.532874,0.451016,0,60.403195
24,0.861525,0.039556,0.0449,0.054301,0.05113,0.379041,0.419816,0.500414,0.484917,58.513473,59.065512,73.199372,54.453561,0.839386,0.73279,0.734358,0.860995,0,0,0,0,90.486879,17.463821,120.447931,99.286234,19277,15119,17048,43829,12530,10651,0,6302,0,2781,0,4993,0,874,4947,0,0,0,12286,5257,0.496058,0.5135,0.445876,0,0,46.204911,0.638195,148.500222,130.856555,130.321619,56032,1.525533,0,0.535873,0.579559,0,1.522842,0,0.532938,0.408115,0,1.525039,0,0.535955,0.50409,0,1.523357,0,0.533999,0.467506,0,68.292961
24,0.83894,0.04268,0.052843,0.041392,0.04774,0.380307,0.455373,0.416488,0.439079,61.918519,73.534801,48.798168,46.38313,0.823787,0.650221,0.639141,0.78857,0,0,0,0,128.497117,20.167538,53.838147,57.257663,20714,16254,13787,36601,12808,11392,0,4606,0,2977,0,3983,0,1191,4024,0,0,0,10013,6488,0.464791,0.487234,0.422343,0,0,45.317736,0.59096,150.032906,140.161684,136.173464,53076,1.525638,0,0.533815,0.659094,0,1.522849,0,0.535275,0.445667,0,1.525111,0,0.535202,0.439083,0,1.523408,0,0.534489,0.411143,0,55.916323
24,0.843501,0.048275,0.042736,0.045717,0.042592,0.469665,0.356323,0.433995,0.445022,79.672967,53.874821,52.309713,56.446603,0.867799,0.67732,0.65247,0.811759,0,0,0,0,197.405364,15.142951,92.379497,67.110011,22800,12768,14412,38780,16025,8891,0,3869,0,2336,0,4823,0,1089,4190,0,0,0,10416,6534,0.468473,0.493541,0.425193,0,0,47.111948,0.589224,150.817082,138.246405,137.134901,53395,1.525626,0,0.537785,0.720025,0,1.52284,0,0.537297,0.436804,0,1.525081,0,0.535503,0.497581,0,1.523418,0,0.536314,0.440127,0,57.554712
24,0.845444,0.047738,0.053543,0.047175,0.046815,0.445344,0.46726,0.414355,0.388489,72.545122,63.142494,47.864885,48.061982,0.868936,0.695468,0.650424,0.77385,0,0,0,0,225.847555,20.157109,58.309033,60.106188,25201,16909,13915,38273,15151,11786,0,2646,0,3101,0,4332,0,1257,4065,0,0,0,10129,5956,0.475148,0.492052,0.424599,0,0,48.032334,0.590846,163.586986,143.976748,139.11643,53359,1.525641,0,0.538182,0.764472,0,1.52283,0,0.53934,0.42912,0,1.52508,0,0.533543,0.461359,0,1.523374,0,0.534405,0.446358,0,58.237999
24,0.852323,0.053106,0.035029,0.051829,0.048807,0.398792,0.351039,0.580839,0.414265,54.210821,58.610154,79.272148,42.856749,0.829108,0.706568,0.806659,0.884426,0,0,0,0,93.107307,15.499653,166.732865,90.4297,19673,12739,19787,39478,13570,9047,0,5772,0,2335,0,5122,0,514,5725,0,0,0,14258,3185,0.484949,0.503405,0.438792,0,0,46.574496,0.626482,148.526797,135.969228,135.098664,55108,1.525662,0,0.536152,0.565024,0,1.522774,0,0.535258,0.430854,0,1.525005,0,0.534586,0.571389,0,1.523476,0,0.539015,0.492371,0,63.078012
24,0.847085,0.049744,0.0474,0.053757,0.042844,0.422611,0.434829,0.468457,0.398673,67.142041,55.379906,65.984079,54.393801,0.849065,0.672419,0.678837,0.831592,0,0,0,0,162.586794,18.81491,76.695408,87.592601,24297,16027,15592,37350,14375,11227,0,3471,0,2948,0,4234,0,855,4542,0,0,0,11269,5884,0.47896,0.497514,0.431175,0,0,47.221328,0.598824,156.575567,141.028551,134.082681,54167,1.525649,0,0.534004,0.711941,0,1.522866,0,0.535372,0.415218,0,1.524989,0,0.534339,0.481479,0,1.523456,0,0.533866,0.512986,0,59.750422
24,0.85811,0.035649,0.049798,0.049871,0.044369,0.425035,0.418325,0.45943,0.469749,67.631642,61.10016,52.172205,58.064152,0.875833,0.720347,0.676228,0.835423,0,0,0,0,139.264601,18.896397,66.315067,93.388081,23929,15069,15403,40709,14666,10531,0,4747,0,2759,0,4886,0,922,4479,0,0,0,11145,6148,0.490393,0.51141,0.441611,0,0,47.634513,0.624742,158.038852,141.21166,139.410448,55503,1.525612,0,0.53376,0.644877,0,1.522841,0,0.538277,0.445633,0,1.525079,0,0.538387,0.44963,0,1.523337,0,0.535358,0.479479,0,66.58139
24,0.852477,0.038413,0.050308,0.048782,0.052716,0.445293,0.436057,0.422982,0.432479,67.419434,62.326481,48.834758,42.234578,0.864435,0.691557,0.651163,0.824423,0,0,0,0,136.259727,18.130766,62.358371,77.098325,23399,15695,14266,39574,14912,11007,0,3505,0,2906,0,4466,0,1114,4164,0,0,0,10331,6973,0.485516,0.502778,0.434287,0,0,48.045956,0.608311,154.63642,140.515276,139.54604,54521,1.525604,0,0.538921,0.640873,0,1.52279,0,0.537779,0.412964,0,1.525003,0,0.539029,0.454826,0,1.52346,0,0.536587,0.419159,0,62.420225
24,0.850215,0.041633,0.038235,0.060615,0.056757,0.427626,0.335268,0.486207,0.482342,78.386492,42.328017,62.367226,57.199411,0.838323,0.70323,0.680571,0.860644,0,0,0,0,149.143667,12.870704,100.531457,99.368209,21033,12077,15701,41600,14725,8449,0,4973,0,2221,0,5188,0,827,4573,0,0,0,11352,6508,0.476534,0.499907,0.430307,0,0,45.277841,0.621595,146.5791,134.88341,130.634967,53998,1.525563,0,0.535952,0.687239,0,1.522852,0,0.5366,0.397082,0,1.525092,0,0.537758,0.453476,0,1.523449,0,0.533567,0.476552,0,61.480796
24,0.845509,0.058571,0.04874,0.039453,0.044202,0.556932,0.472091,0.337746,0.343425,122.394214,63.022372,39.804314,31.396905,0.916676,0.656661,0.580994,0.695349,0,0,0,0,902.315566,20.15715,62.225976,60.500391,27870,16720,11455,35256,17631,11555,0,1141,0,3033,0,3999,0,1552,3352,0,0,0,8320,6412,0.462273,0.479783,0.413499,0,0,49.806932,0.551365,168.820267,153.875542,154.086152,51982,1.525613,0,0.535329,1.455204,0,1.522837,0,0.53345,0.428789,0,1.525089,0,0.538972,0.484983,0,1.52345,0,0.536311,0.459819,0,58.657406
24,0.846752,0.049004,0.037531,0.050078,0.055324,0.466851,0.399773,0.418938,0.429138,83.818453,52.212171,54.230442,50.446426,0.852467,0.650266,0.645431,0.83491,0,0,0,0,210.858234,15.918011,66.197105,68.972174,22809,14438,14225,37796,15431,10091,0,3060,0,2641,0,4279,0,1065,4154,0,0,0,10322,7250,0.476063,0.494373,0.426749,0,0,46.900586,0.593212,157.612663,141.098985,137.773741,53651,1.525667,0,0.538114,0.792887,0,1.522753,0,0.538186,0.394367,0,1.525062,0,0.537914,0.482183,0,1.523448,0,0.535244,0.439546,0,58.838089
24,0.844235,0.049694,0.059893,0.041681,0.038963,0.453362,0.465189,0.404087,0.392171,81.837686,69.697021,41.390927,36.785866,0.857314,0.672047,0.639653,0.796519,0,0,0,0,237.143797,19.797104,53.920588,75.696763,24674,16698,13700,37605,15022,11679,0,2455,0,3056,0,4135,0,1226,4006,0,0,0,9951,6778,0.472984,0.491719,0.42718,0,0,48.050882,0.591683,161.395248,142.413001,139.307231,53649,1.525688,0,0.534691,0.829542,0,1.522845,0,0.537635,0.426916,0,1.5251,0,0.535173,0.437273,0,1.523334,0,0.535025,0.437781,0,57.913841
24,0.847417,0.04758,0.034382,0.057086,0.040969,0.497062,0.34624,0.452251,0.424462,95.196998,42.687479,61.601899,43.970198,0.868365,0.69006,0.667142,0.850243,0,0,0,0,214.825306,13.933356,104.925526,91.197181,24245,12459,15430,39666,16741,8708,0,3002,0,2290,0,4993,0,822,4475,0,0,0,11150,6518,0.480562,0.493952,0.430774,0,0,47.153789,0.588611,155.158154,139.237942,140.892018,54110,1.525583,0,0.535373,0.77113,0,1.522851,0,0.535418,0.406777,0,1.525057,0,0.534655,0.529901,0,1.523434,0,0.536145,0.486533,0,59.926335
24,0.857228,0.047853,0.041783,0.045695,0.048161,0.428031,0.415312,0.46814,0.464599,75.46906,55.911675,69.023479,52.977807,0.866267,0.702565,0.689671,0.842487,0,0,0,0,219.412238,16.615335,84.741784,80.023986,22509,14895,15943,40433,14008,10480,0,5367,0,2731,0,4730,0,828,4641,0,0,0,11543,5791,0.491905,0.512133,0.445476,0,0,47.28904,0.618402,155.226592,139.098993,135.593508,55957,1.525554,0,0.532615,0.818222,0,1.522846,0,0.536865,0.407022,0,1.525034,0,0.536811,0.498324,0,1.523373,0,0.535192,0.449029,0,65.52797
24,0.853429,0.051842,0.056076,0.040999,0.04035,0.420416,0.509387,0.415023,0.405744,69.823375,67.935352,42.835616,37.618865,0.872773,0.69248,0.653552,0.771392,0,0,0,0,214.445622,22.04184,56.011121,82.643943,24493,18520,13999,39667,13711,12927,0,3910,0,3378,0,4057,0,1272,4080,0,0,0,10158,5856,0.481414,0.50104,0.432924,0,0,48.013166,0.605837,168.59802,143.198933,140.85862,54341,1.52568,0,0.536847,0.70715,0,1.522806,0,0.537287,0.420067,0,1.524971,0,0.534958,0.433353,0,1.523379,0,0.536398,0.470024,0,62.905413
24,0.842451,0.044554,0.041621,0.050958,0.050216,0.420656,0.395705,0.481241,0.391914,68.916288,50.81428,58.181494,44.584976,0.826025,0.637917,0.691506,0.846062,0,0,0,0,147.221899,16.579991,80.431158,54.780815,22064,14471,15996,34727,14266,10193,0,3603,0,2674,0,4125,0,809,4666,0,0,0,11588,5817,0.475236,0.482958,0.424837,0,0,46.842335,0.600393,152.736287,137.26871,135.211745,53324,1.525688,0,0.538692,0.699727,0,1.522833,0,0.539471,0.406574,0,1.525057,0,0.538082,0.481679,0,1.52346,0,0.535485,0.427275,0,56.050252
24,0.851723,0.054581,0.045982,0.041107,0.047049,0.477747,0.390317,0.375604,0.505479,92.907001,53.648696,39.411041,63.466159,0.882935,0.718623,0.597666,0.802889,0,0,0,0,192.127339,15.965794,43.628098,75.60274,24241,13838,12588,42998,15932,9542,0,4046,0,2513,0,5085,0,1259,3669,0,0,0,9113,8072,0.482579,0.503707,0.438648,0,0,47.640596,0.612595,160.210919,140.130883,137.508516,55133,1.52564,0,0.536013,0.749708,0,1.522782,0,0.537578,0.407166,0,1.525066,0,0.53596,0.423537,0,1.523357,0,0.537331,0.451819,0,61.103579
24,0.847293,0.043164,0.056531,0.051702,0.046406,0.416054,0.463971,0.479416,0.370507,80.595591,68.847948,73.165799,41.684143,0.858429,0.68637,0.715771,0.796254,0,0,0,0,357.790663,20.434617,101.743458,63.158159,23441,16699,15847,37755,14221,11644,0,3706,0,3026,0,4306,0,1185,4604,0,0,0,11470,4714,0.480135,0.500042,0.433703,0,0,48.267179,0.601721,151.084364,142.519171,137.834746,54461,1.525617,0,0.537035,1.103941,0,1.522875,0,0.537281,0.440113,0,1.525002,0,0.537368,0.525912,0,1.523388,0,0.533281,0.451544,0,59.726736
24,0.857546,0.041466,0.045396,0.060623,0.048377,0.410214,0.423638,0.552074,0.387558,62.450554,65.718997,101.060015,44.10665,0.841381,0.708012,0.776808,0.880079,0,0,0,0,117.277472,17.479255,148.271985,68.915459,22552,15382,18581,40284,13767,10802,0,4430,0,2836,0,4695,0,735,5356,0,0,0,13371,4270,0.487273,0.515732,0.44331,0,0,47.476081,0.623643,154.801431,135.74403,134.628529,55673,1.525666,0,0.534237,0.624484,0,1.522827,0,0.534821,0.406884,0,1.525002,0,0.534047,0.586696,0,1.523314,0,0.533822,0.452024,0,64.964457
24,0.853158,0.041293,0.055404,0.049813,0.047676,0.423965,0.483228,0.467209,0.367553,75.14708,81.51376,51.836206,41.751268,0.860918,0.65906,0.705276,0.821785,0,0,0,0,271.669854,20.457353,73.199199,62.286353,24202,17273,15731,36742,14325,12058,0,3291,0,3160,0,3911,0,1104,4579,0,0,0,11391,5472,0.483918,0.503529,0.436492,0,0,48.241704,0.595332,154.720725,141.720163,138.512121,54819,1.525582,0,0.533983,0.909195,0,1.522817,0,0.533496,0.411604,0,1.525049,0,0.536164,0.45909,0,1.523431,0,0.534916,0.448939,0,63.174444
24,0.85355,0.0539,0.042274,0.043605,0.048408,0.521322,0.423813,0.382599,0.417829,93.858156,62.715282,42.705671,51.988676,0.925301,0.710223,0.588823,0.776887,0,0,0,0,250.198507,18.637925,46.08866,89.227915,27468,15524,12741,40277,17668,10762,0,2137,0,2807,0,4742,0,1064,3729,0,0,0,9273,7190,0.483885,0.502622,0.436834,0,0,50.535882,0.58678,170.364401,145.847579,144.276204,54842,1.525606,0,0.533711,0.783381,0,1.52278,0,0.535786,0.435234,0,1.525066,0,0.53485,0.435812,0,1.52345,0,0.536724,0.515291,0,62.407648
24,0.865036,0.057721,0.04974,0.03087,0.055358,0.503673,0.459914,0.358799,0.487096,115.744902,74.917306,35.757227,70.851321,0.903935,0.777037,0.573988,0.809779,0,0,0,0,296.550286,19.596613,37.666611,145.281415,25779,16292,12019,46627,16407,11359,0,2592,0,2944,0,5300,0,1231,3509,0,0,0,8754,8733,0.494302,0.510043,0.443435,0,0,49.660653,0.610415,160.031439,145.256657,139.303107,55684,1.525552,0,0.539459,0.813303,0,1.522763,0,0.53739,0.430802,0,1.524981,0,0.539421,0.419683,0,1.523402,0,0.535484,0.518028,0,70.213108
24,0.857048,0.055951,0.051345,0.026573,0.047529,0.506556,0.498263,0.288824,0.474853,96.988881,87.452833,30.695538,52.774573,0.912921,0.709607,0.543197,0.756733,0,0,0,0,385.412935,20.722449,38.744531,58.32823,26899,17528,9731,40445,16655,12083,0,1961,0,3181,0,4406,0,1868,2863,0,0,0,7117,9597,0.487627,0.506037,0.438369,0,0,50.59572,0.585083,154.557041,147.56749,144.645764,55060,1.525532,0,0.536693,0.965223,0,1.522791,0,0.536175,0.446076,0,1.525104,0,0.536471,0.443563,0,1.523433,0,0.536662,0.426486,0,65.267973
24,0.839861,0.044961,0.048604,0.04526,0.048249,0.359148,0.405632,0.491304,0.432854,51.56133,63.666199,72.691236,48.661445,0.802125,0.66343,0.726918,0.817114,0,0,0,0,108.451305,18.548245,124.399568,53.176396,19054,14644,16420,37211,12092,10261,0,5770,0,2691,0,4369,0,1072,4762,0,0,0,11863,4713,0.471116,0.484272,0.42136,0,0,44.813951,0.607007,150.600237,137.581564,132.064492,52906,1.525635,0,0.534222,0.622774,0,1.522865,0,0.534988,0.424796,0,1.525102,0,0.537053,0.566453,0,1.523434,0,0.537034,0.406087,0,56.020967
24,0.86107,0.052376,0.044893,0.046427,0.046107,0.428281,0.420434,0.451134,0.476316,65.946129,64.767342,58.997431,75.110773,0.880827,0.727592,0.67501,0.84067,0,0,0,0,171.159595,18.402198,66.73523,88.824806,23707,15294,15059,42850,14799,10650,0,4647,0,2815,0,4910,0,1065,4375,0,0,0,10918,6589,0.495364,0.513883,0.446531,0,0,48.210669,0.625931,149.483431,141.374468,137.230216,56119,1.525535,0,0.535354,0.684,0,1.522791,0,0.535568,0.423839,0,1.525065,0,0.535337,0.468071,0,1.523364,0,0.534729,0.476823,0,68.595228
24,0.8448,0.047026,0.04439,0.049155,0.050793,0.455505,0.436585,0.424633,0.398027,67.753963,60.907648,50.839634,34.905084,0.855106,0.699622,0.674767,0.794657,0,0,0,0,149.919874,19.056835,70.765895,74.615548,23855,15533,14383,39812,15248,10830,0,2781,0,2838,0,4608,0,1346,4191,0,0,0,10428,6084,0.476074,0.492401,0.426016,0,0,47.539721,0.598235,157.765996,141.553205,138.149144,53536,1.525631,0,0.53795,0.654935,0,1.522818,0,0.538706,0.424724,0,1.525088,0,0.538356,0.47427,0,1.523457,0,0.53517,0.446721,0,58.276908
24,0.854663,0.053783,0.051506,0.054909,0.041083,0.417044,0.459269,0.481595,0.395386,73.267539,57.58912,70.615531,40.492002,0.833346,0.691111,0.721806,0.829398,0,0,0,0,170.148252,18.34878,105.427752,61.222399,21485,16257,16302,40576,13392,11378,0,4144,0,3002,0,4375,0,1086,4714,0,0,0,11777,5143,0.482001,0.49844,0.432036,0,0,46.239621,0.607887,156.070621,140.566999,136.312556,54295,1.525634,0,0.537143,0.611125,0,1.522782,0,0.533143,0.403883,0,1.525036,0,0.532832,0.52466,0,1.523446,0,0.534651,0.430967,0,63.490298
24,0.851646,0.038551,0.051817,0.046809,0.045112,0.388427,0.432528,0.416822,0.502753,70.64664,60.157222,56.392442,60.714448,0.836586,0.734769,0.640117,0.815846,0,0,0,0,148.81259,18.269846,62.253805,104.901383,20085,15640,14032,44523,13062,10986,0,5105,0,2844,0,4957,0,1117,4081,0,0,0,10146,7004,0.489077,0.499007,0.436082,0,0,46.776313,0.627391,154.097425,137.95904,130.048948,54792,1.525609,0,0.535238,0.726717,0,1.522846,0,0.538469,0.408396,0,1.524987,0,0.539779,0.465998,0,1.523386,0,0.535063,0.480502,0,62.59361
24,0.849104,0.042777,0.042775,0.057805,0.042305,0.451348,0.382272,0.523004,0.380305,71.231238,45.179125,79.519073,38.232084,0.849471,0.684127,0.719341,0.856544,0,0,0,0,159.466797,14.789714,114.314058,69.18615,22796,13990,17456,39431,15091,9900,0,3608,0,2587,0,4671,0,547,5046,0,0,0,12574,4751,0.480308,0.498865,0.434685,0,0,47.763736,0.608026,147.701583,138.07684,138.435335,54628,1.525613,0,0.538718,0.685161,0,1.522929,0,0.537912,0.398104,0,1.524996,0,0.537077,0.508646,0,1.523407,0,0.536227,0.455991,0,60.799517
24,0.839042,0.041342,0.047733,0.047666,0.051999,0.41418,0.41809,0.43646,0.416958,58.827678,52.217126,56.628753,47.936987,0.826445,0.641919,0.660853,0.807459,0,0,0,0,135.924092,18.018893,77.329034,53.38993,21386,14974,14568,36930,13796,10499,0,4041,0,2741,0,4107,0,1084,4258,0,0,0,10537,6264,0.466838,0.4831,0.420141,0,0,45.208827,0.601595,158.397945,143.65213,136.195408,52786,1.525682,0,0.538436,0.648679,0,1.522874,0,0.537698,0.41068,0,1.52511,0,0.538324,0.494735,0,1.523348,0,0.54001,0.421284,0,55.505567
24,0.855115,0.058658,0.039691,0.038556,0.04749,0.548725,0.363763,0.388229,0.451176,101.12972,47.976705,44.560714,52.240295,0.925991,0.769694,0.608365,0.794735,0,0,0,0,668.127452,16.418213,56.432807,135.530434,27181,13112,13119,43939,18689,9040,0,2189,0,2382,0,5722,0,1149,3820,0,0,0,9501,7339,0.490722,0.504521,0.439923,0,0,51.31364,0.586244,162.499214,146.60318,144.83333,55290,1.525579,0,0.5366,1.348536,0,1.522768,0,0.536249,0.427671,0,1.525115,0,0.535507,0.452308,0,1.523359,0,0.532735,0.563589,0,64.20784
24,0.860603,0.048184,0.043889,0.062855,0.039069,0.463303,0.43261,0.512152,0.385399,74.041817,77.57867,74.94164,34.786984,0.880797,0.734018,0.742626,0.867407,0,0,0,0,146.241557,18.837524,110.075386,81.396093,25433,15937,17136,42642,15817,11134,0,2725,0,2879,0,4920,0,936,4968,0,0,0,12351,5330,0.496679,0.516437,0.4452,0,0,49.084268,0.621323,161.484448,140.040607,140.189645,55924,1.525585,0,0.534772,0.646533,0,1.522798,0,0.533714,0.462015,0,1.524968,0,0.538373,0.513727,0,1.523429,0,0.53375,0.477795,0,67.479919
24,0.859695,0.055746,0.04799,0.043575,0.037162,0.513792,0.421114,0.415512,0.4311,102.593498,58.435349,47.871191,49.828695,0.934854,0.7138,0.645276,0.799444,0,0,0,0,439.01855,17.773094,62.700691,121.08825,27591,15200,13868,40458,17528,10519,0,2949,0,2744,0,4833,0,1228,4046,0,0,0,10072,6686,0.491848,0.508282,0.442118,0,0,50.465905,0.597528,166.335994,146.629354,143.90249,55553,1.525575,0,0.536901,1.051354,0,1.522871,0,0.533642,0.423402,0,1.525018,0,0.538407,0.462585,0,1.523313,0,0.538476,0.500372,0,67.026409
24,0.86092,0.051056,0.044188,0.048057,0.047304,0.440755,0.385661,0.514883,0.451605,82.941469,50.558531,63.636012,68.458102,0.871225,0.705468,0.727436,0.879443,0,0,0,0,223.295041,15.098445,100.246666,76.429336,22717,13983,17248,40960,14789,9804,0,5018,0,2581,0,4893,0,728,4990,0,0,0,12453,5498,0.493008,0.513016,0.445048,0,0,47.204861,0.633671,149.166436,137.353218,135.946431,55887,1.525544,0,0.535276,0.777745,0,1.52286,0,0.537919,0.405854,0,1.525063,0,0.536561,0.495485,0,1.523347,0,0.536588,0.46021,0,66.579005
24,0.860326,0.047749,0.049218,0.03857,0.045796,0.483142,0.449328,0.414007,0.447324,87.443162,76.518557,55.467093,56.866332,0.907548,0.77031,0.645895,0.808884,0,0,0,0,277.628239,19.705841,72.168671,102.088751,26909,16144,13930,45294,16388,11160,0,2948,0,2908,0,5263,0,1228,4050,0,0,0,10060,6944,0.495533,0.514593,0.445736,0,0,50.190612,0.603221,158.897882,147.35443,140.539395,56021,1.525595,0,0.537749,0.870504,0,1.522749,0,0.536474,0.444522,0,1.525045,0,0.535397,0.461609,0,1.523346,0,0.536069,0.506408,0,67.838442
24,0.842068,0.036889,0.047003,0.046049,0.060452,0.316203,0.408982,0.421156,0.54254,45.136344,56.258854,44.475123,68.580135,0.788717,0.694707,0.639254,0.810929,0,0,0,0,77.781274,16.703307,55.342037,65.325532,15825,14578,14201,41286,10690,10278,0,7274,0,2677,0,4698,0,1013,4141,0,0,0,10327,6633,0.468207,0.491369,0.423247,0,0,43.327173,0.638576,147.084236,128.534131,122.911211,53177,1.525674,0,0.535458,0.593513,0,1.522862,0,0.538965,0.401582,0,1.525116,0,0.53477,0.435247,0,1.523415,0,0.533862,0.427001,0,56.648086
24,0.854142,0.038531,0.044812,0.055012,0.044872,0.382726,0.443387,0.47918,0.449481,53.16195,64.551908,53.831836,53.030123,0.837146,0.697424,0.723991,0.823297,0,0,0,0,158.11664,20.273503,80.282657,63.232298,20704,15996,16138,38872,12720,11188,0,5455,0,2932,0,4502,0,1145,4691,0,0,0,11684,5112,0.48014,0.503307,0.432025,0,0,45.930278,0.626266,146.683406,138.985742,132.684389,54256,1.525585,0,0.537013,0.60801,0,1.522832,0,0.537431,0.429136,0,1.525053,0,0.536261,0.459196,0,1.523366,0,0.538231,0.42715,0,62.616624
24,0.84757,0.043307,0.035193,0.062628,0.053171,0.41741,0.324704,0.491202,0.490098,57.022284,40.195259,58.039797,68.353968,0.831281,0.719044,0.709302,0.855075,0,0,0,0,94.046187,12.706259,114.671128,65.312224,19019,11534,16676,42527,14048,8092,0,5998,0,2132,0,5427,0,757,4835,0,0,0,12035,5442,0.477035,0.494438,0.42829,0,0,44.908478,0.62419,151.808402,133.383027,130.640099,53827,1.525629,0,0.535137,0.547954,0,1.522868,0,0.533911,0.411446,0,1.525075,0,0.535088,0.497421,0,1.523373,0,0.535197,0.439386,0,59.129865
24,0.845735,0.052953,0.033975,0.043462,0.051976,0.500703,0.301185,0.403389,0.506927,88.983546,42.941297,38.319295,70.720951,0.866163,0.741609,0.596477,0.836844,0,0,0,0,188.821217,12.613421,49.25481,81.876391,23502,10930,13634,43237,17101,7643,0,3321,0,2015,0,5759,0,753,3989,0,0,0,9895,7876,0.476179,0.494498,0.429283,0,0,46.879932,0.605718,158.821812,139.19543,134.707329,53900,1.525673,0,0.532985,0.717713,0,1.522783,0,0.536725,0.419189,0,1.525121,0,0.533719,0.429409,0,1.523359,0,0.533976,0.454168,0,59.797576
24,0.84895,0.050038,0.048731,0.047124,0.046953,0.466646,0.458974,0.400759,0.401159,83.748204,81.533185,47.248617,52.03271,0.881923,0.688264,0.636287,0.77163,0,0,0,0,174.570095,20.219385,55.545804,76.324458,26016,16589,13600,37860,15470,11523,0,2936,0,3022,0,4328,0,1242,3970,0,0,0,9880,6239,0.47881,0.498961,0.432319,0,0,49.217879,0.584265,159.621583,142.642273,144.74203,54329,1.525611,0,0.535655,0.690682,0,1.522765,0,0.536636,0.457624,0,1.525096,0,0.53687,0.45338,0,1.523424,0,0.533696,0.470801,0,60.402865
24,0.841463,0.04414,0.056233,0.051298,0.044389,0.391497,0.453387,0.43038,0.42638,61.776332,62.181724,44.876994,49.710352,0.820995,0.63719,0.645122,0.821541,0,0,0,0,140.290336,19.453251,61.437194,59.566279,21652,16365,14065,36743,13320,11483,0,3655,0,3051,0,3783,0,1132,4108,0,0,0,10217,7053,0.470535,0.492954,0.427171,0,0,46.558436,0.607405,145.814863,137.226875,134.438887,53665,1.525567,0,0.533116,0.678251,0,1.522868,0,0.532302,0.410549,0,1.525083,0,0.534055,0.441728,0,1.523439,0,0.534174,0.435125,0,56.138955
24,0.84316,0.046676,0.052987,0.050221,0.044152,0.419572,0.485054,0.399745,0.394028,70.269255,65.389689,47.686068,43.52481,0.85043,0.686828,0.638029,0.74831,0,0,0,0,222.528257,20.732613,51.893194,75.575548,24210,17500,13391,37698,13803,12179,0,3527,0,3237,0,4125,0,1347,3915,0,0,0,9748,5827,0.468723,0.489039,0.422137,0,0,47.010319,0.588232,162.45696,147.184819,137.849668,53011,1.525616,0,0.534229,0.827943,0,1.522899,0,0.535038,0.434699,0,1.525137,0,0.531456,0.449338,0,1.523374,0,0.536644,0.443845,0,56.901853
24,0.854563,0.046245,0.051771,0.045216,0.048597,0.416687,0.440732,0.427394,0.468392,70.603905,52.612842,52.889713,52.151481,0.861176,0.700698,0.665311,0.81456,0,0,0,0,131.093737,17.772594,94.212817,68.783328,22272,15626,14523,40199,13992,10891,0,4823,0,2861,0,4597,0,1183,4226,0,0,0,10544,6432,0.489983,0.504081,0.438558,0,0,47.255056,0.623341,149.349738,139.963458,135.543718,55115,1.52557,0,0.534891,0.639082,0,1.522893,0,0.535612,0.401803,0,1.524986,0,0.537913,0.512584,0,1.523385,0,0.534173,0.43676,0,63.845379
24,0.859583,0.027526,0.058972,0.048591,0.055913,0.373537,0.482737,0.449334,0.473003,57.419904,70.243489,55.362156,63.388136,0.85476,0.714274,0.692369,0.829135,0,0,0,0,137.516946,21.839479,73.694446,75.960748,22779,17402,15306,41437,12659,12170,0,5392,0,3172,0,4462,0,1151,4450,0,0,0,11077,6082,0.496258,0.510443,0.444366,0,0,47.166285,0.628453,149.240749,137.387459,133.215357,55864,1.525612,0,0.535528,0.665981,0,1.522787,0,0.539529,0.413979,0,1.52504,0,0.536115,0.470845,0,1.523332,0,0.535352,0.445874,0,66.073427
24,0.854226,0.0432,0.045856,0.047211,0.044144,0.410622,0.453705,0.457222,0.434097,58.690089,82.830214,49.880751,54.472514,0.864406,0.71931,0.671979,0.803176,0,0,0,0,130.986372,22.430364,57.129432,56.183632,22285,16585,15047,40543,13858,11650,0,4483,0,3028,0,4638,0,1004,4393,0,0,0,10901,5659,0.486155,0.505204,0.439374,0,0,48.611394,0.626771,153.264316,141.202147,135.389837,55160,1.525556,0,0.539724,0.63278,0,1.522792,0,0.534596,0.4626,0,1.525098,0,0.537494,0.421615,0,1.523426,0,0.53451,0.424934,0,63.536532
24,0.837986,0.039956,0.059268,0.044067,0.043683,0.394235,0.456436,0.373296,0.445705,48.652438,60.988404,36.535482,48.556885,0.832918,0.661046,0.622139,0.748755,0,0,0,0,129.519636,20.452688,47.385951,44.773202,21993,16006,12521,39057,13268,11132,0,4529,0,2921,0,4141,0,1519,3682,0,0,0,9097,6714,0.464137,0.479702,0.416186,0,0,45.259072,0.601856,153.870812,140.485414,141.215486,52316,1.525699,0,0.536043,0.612437,0,1.522858,0,0.538409,0.431919,0,1.525097,0,0.536413,0.426094,0,1.523416,0,0.539063,0.407616,0,54.313888
24,0.8379,0.045828,0.0482,0.048502,0.034588,0.430181,0.434004,0.494806,0.319747,63.433625,70.41261,64.328785,30.637932,0.848339,0.61373,0.732931,0.79662,0,0,0,0,159.789383,20.363204,90.712443,45.20268,23109,15718,16490,31564,14726,11000,0,3127,0,2899,0,3679,0,1097,4791,0,0,0,11966,4051,0.468335,0.479169,0.418476,0,0,47.836229,0.579694,151.003384,142.371563,143.020562,52601,1.525636,0,0.5384,0.693569,0,1.522846,0,0.533388,0.453288,0,1.525093,0,0.537711,0.462862,0,1.52347,0,0.5335,0.430946,0,54.965582
24,0.85287,0.048419,0.049581,0.040146,0.050398,0.397628,0.446405,0.438732,0.463297,87.866863,79.195144,50.965748,54.38117,0.860766,0.724852,0.65344,0.806215,0,0,0,0,156.377923,19.251053,95.353423,82.738071,21185,15900,14532,43925,13742,11192,0,4914,0,2906,0,4804,0,1064,4213,0,0,0,10498,6281,0.481538,0.50361,0.434002,0,0,47.1333,0.612761,151.735841,138.32681,133.493303,54518,1.52559,0,0.535024,0.733758,0,1.522834,0,0.536358,0.439838,0,1.525033,0,0.538203,0.484312,0,1.523428,0,0.536063,0.442583,0,62.680814
24,0.859671,0.048344,0.044289,0.042736,0.049447,0.451372,0.489706,0.399243,0.439709,70.375788,70.41178,53.223782,53.621224,0.881376,0.71265,0.653191,0.814375,0,0,0,0,160.357145,21.649537,65.465038,102.062352,24660,17433,13558,39947,15058,12103,0,3012,0,3154,0,4460,0,1458,3956,0,0,0,9843,7374,0.493766,0.515143,0.446553,0,0,49.612766,0.612045,157.868581,145.606825,138.260372,56081,1.525626,0,0.535496,0.678922,0,1.522818,0,0.536461,0.427094,0,1.524983,0,0.53673,0.487753,0,1.52332,0,0.535435,0.508892,0,67.186598
24,0.857986,0.038023,0.05141,0.043239,0.055078,0.384786,0.498137,0.415998,0.464535,72.574337,88.429369,50.822016,60.179274,0.856591,0.716187,0.661499,0.810279,0,0,0,0,297.911295,22.078591,55.2435,73.712692,22674,17699,14192,42886,13239,12340,0,4465,0,3211,0,4445,0,1298,4122,0,0,0,10254,6713,0.483055,0.507707,0.435552,0,0,47.932528,0.620567,152.40377,143.235181,139.328736,54728,1.525627,0,0.53846,0.944238,0,1.522804,0,0.534792,0.449413,0,1.525027,0,0.538693,0.442999,0,1.523422,0,0.537622,0.422265,0,64.451559
24,0.848846,0.053456,0.053325,0.044107,0.034034,0.460089,0.445466,0.433448,0.384323,83.036904,57.12745,50.773081,54.785673,0.862105,0.673015,0.679677,0.812205,0,0,0,0,158.03506,19.864938,75.809104,71.962109,25094,15896,14761,35847,15370,11026,0,2715,0,2924,0,4260,0,1240,4298,0,0,0,10685,6180,0.475618,0.498748,0.429736,0,0,48.336595,0.592615,159.635199,145.50886,138.911842,53953,1.525599,0,0.539559,0.673271,0,1.522859,0,0.539507,0.426912,0,1.525125,0,0.537625,0.47983,0,1.523362,0,0.53673,0.486004,0,60.810709
24,0.842394,0.054727,0.0312,0.04494,0.055794,0.491081,0.357785,0.419495,0.432047,83.222109,50.889765,45.417575,57.449095,0.881038,0.668823,0.630072,0.810547,0,0,0,0,190.786605,15.555996,54.79992,64.004054,24317,12935,13954,38497,16833,8989,0,3132,0,2369,0,4708,0,1004,4078,0,0,0,10126,6894,0.472968,0.491051,0.424528,0,0,47.829708,0.579114,161.709168,141.138065,138.948371,53348,1.52568,0,0.537507,0.717103,0,1.52282,0,0.535741,0.42565,0,1.525055,0,0.5335,0.4499,0,1.523445,0,0.53624,0.450066,0,56.98549
24,0.846114,0.04429,0.045838,0.041203,0.062063,0.368078,0.407231,0.363954,0.56254,59.05485,52.004146,50.312922,68.724171,0.823344,0.72458,0.568021,0.805864,0,0,0,0,107.252275,15.980751,68.326143,66.956942,19289,14398,12287,45154,12720,10052,0,5902,0,2644,0,5033,0,1071,3569,0,0,0,8846,8509,0.471033,0.497136,0.428044,0,0,44.85311,0.622755,148.485992,130.453269,126.809074,53766,1.525605,0,0.533866,0.629023,0,1.5229,0,0.535597,0.413503,0,1.525093,0,0.538213,0.493772,0,1.523407,0,0.534927,0.418341,0,57.801
24,0.840866,0.049536,0.039098,0.042557,0.050832,0.452468,0.368068,0.366025,0.499944,80.533325,47.932876,36.547946,59.525574,0.839342,0.685952,0.56713,0.795026,0,0,0,0,193.413882,15.643326,44.7782,63.45839,21225,13230,12277,40617,14743,9252,0,4280,0,2419,0,4837,0,1020,3596,0,0,0,8902,8160,0.468974,0.482845,0.421492,0,0,45.182153,0.594512,155.189052,140.111954,131.846533,52978,1.525615,0,0.539382,0.733186,0,1.522829,0,0.534065,0.414225,0,1.525096,0,0.535544,0.434441,0,1.523449,0,0.533815,0.426653,0,56.701935
24,0.837273,0.043957,0.051528,0.040775,0.042448,0.467036,0.443637,0.369798,0.386449,76.708374,65.685889,40.039025,37.543739,0.86039,0.652385,0.606809,0.734938,0,0,0,0,236.057855,20.608803,43.204073,53.078847,25186,15912,12527,36722,15447,11031,0,2528,0,2904,0,4068,0,1365,3669,0,0,0,9111,6346,0.464435,0.482571,0.418399,0,0,47.966124,0.569964,166.270637,147.819669,140.176677,52574,1.525673,0,0.534839,0.807946,0,1.522869,0,0.535173,0.449061,0,1.525165,0,0.534769,0.431876,0,1.523387,0,0.534602,0.420064,0,54.919981
24,0.856286,0.046132,0.057815,0.049372,0.033695,0.455668,0.560114,0.418114,0.329152,75.054785,103.614155,50.562334,30.249093,0.890293,0.667953,0.677678,0.764566,0,0,0,0,214.312816,27.084241,69.612966,48.979102,26836,19913,14094,34219,14912,13848,0,2044,0,3635,0,3582,0,1489,4120,0,0,0,10245,5568,0.485735,0.504736,0.438996,0,0,50.329397,0.58018,156.908539,151.130948,145.364795,55159,1.525553,0,0.533165,0.747969,0,1.522781,0,0.536367,0.449781,0,1.525065,0,0.535166,0.474924,0,1.523459,0,0.537258,0.435321,0,64.059958
24,0.855856,0.057332,0.038477,0.045725,0.050613,0.468671,0.368963,0.418266,0.51085,95.356971,46.164297,57.61072,79.367162,0.882475,0.698843,0.631754,0.832067,0,0,0,0,233.027976,14.214549,83.22307,102.670043,22335,13162,14259,41451,15676,9199,0,4706,0,2422,0,4965,0,918,4148,0,0,0,10310,7194,0.480424,0.504986,0.434499,0,0,46.746286,0.614362,156.335358,139.374469,139.181525,54581,1.5256,0,0.536331,0.733354,0,1.522787,0,0.53371,0.410076,0,1.525025,0,0.538745,0.511594,0,1.523377,0,0.538244,0.489562,0,63.95087
24,0.841581,0.035294,0.043659,0.044253,0.061832,0.357151,0.442986,0.410198,0.488029,51.459338,64.787879,42.915144,57.725928,0.818258,0.670409,0.642514,0.799319,0,0,0,0,124.912717,18.266527,56.700413,58.680122,19826,15974,13911,38760,12167,11200,0,5487,0,2927,0,4231,0,1175,4061,0,0,0,10117,6622,0.467405,0.490872,0.425844,0,0,44.49274,0.613754,153.078042,137.871175,131.911213,53497,1.52563,0,0.533263,0.653341,0,1.522854,0,0.534747,0.41698,0,1.525105,0,0.536382,0.439299,0,1.523413,0,0.537286,0.409672,0,57.018445
24,0.85516,0.036598,0.044019,0.054543,0.047706,0.407377,0.40328,0.514975,0.422839,56.191213,52.330385,70.165902,60.588376,0.865756,0.700946,0.726737,0.838652,0,0,0,0,123.202347,16.346748,102.822888,59.035544,22910,14858,17280,39947,14077,10463,0,5263,0,2735,0,4711,0,686,5013,0,0,0,12464,4446,0.489053,0.503962,0.43808,0,0,48.026037,0.617984,150.734907,138.234736,138.603972,55025,1.525518,0,0.533711,0.616007,0,1.522905,0,0.53355,0.416169,0,1.524999,0,0.53452,0.508569,0,1.523438,0,0.535521,0.451536,0,64.223671
24,0.854345,0.045408,0.056089,0.044067,0.043016,0.428032,0.488278,0.409881,0.425141,64.583828,72.509103,41.836333,46.694828,0.875224,0.684606,0.65039,0.801997,0,0,0,0,177.406766,21.875395,49.593419,74.439759,23861,17509,13913,39439,14403,12205,0,3626,0,3180,0,4153,0,1281,4051,0,0,0,10114,6698,0.489914,0.505091,0.440227,0,0,48.707303,0.610456,159.705415,141.79708,138.074784,55249,1.525653,0,0.53678,0.738279,0,1.522875,0,0.536107,0.437405,0,1.525015,0,0.536313,0.42373,0,1.523343,0,0.533452,0.458916,0,63.459406
24,0.846924,0.049229,0.04198,0.040262,0.053264,0.432986,0.386966,0.375512,0.518142,81.644593,50.487211,37.365188,67.293297,0.846729,0.689681,0.594154,0.823376,0,0,0,0,189.083978,14.847445,65.837076,82.203987,22157,13502,12761,41642,14694,9383,0,4531,0,2451,0,4847,0,1133,3725,0,0,0,9245,8412,0.472677,0.493841,0.425621,0,0,45.640479,0.61036,160.906669,134.517047,135.668175,53429,1.525666,0,0.537409,0.750864,0,1.522835,0,0.535893,0.413268,0,1.52513,0,0.538514,0.468816,0,1.523332,0,0.537124,0.427323,0,59.266652
24,0.852287,0.041365,0.043683,0.043831,0.052309,0.441985,0.415248,0.394196,0.481716,74.044477,57.439055,43.050025,56.894868,0.864706,0.721764,0.616712,0.800367,0,0,0,0,136.173759,16.214955,50.100649,67.867741,23384,14961,13234,41629,14930,10449,0,3976,0,2760,0,4900,0,1148,3883,0,0,0,9629,7307,0.481752,0.497488,0.433166,0,0,47.293588,0.610555,153.182052,135.560232,136.348053,54451,1.525617,0,0.534522,0.647494,0,1.52287,0,0.539117,0.413815,0,1.525069,0,0.535629,0.412417,0,1.523372,0,0.536318,0.426875,0,62.575436
24,0.864909,0.044095,0.045679,0.044712,0.060403,0.385966,0.405174,0.479071,0.543137,50.814718,65.713369,63.357606,77.792478,0.863323,0.775552,0.699362,0.870549,0,0,0,0,112.568456,16.848268,76.739475,103.400885,20252,14569,16026,48446,13339,10211,0,6470,0,2657,0,5538,0,928,4648,0,0,0,11547,6494,0.501729,0.520459,0.449854,0,0,46.586416,0.654767,144.791822,135.009381,133.651922,56536,1.525563,0,0.536417,0.571459,0,1.522768,0,0.536816,0.416455,0,1.524962,0,0.539344,0.47591,0,1.523383,0,0.537064,0.484621,0,69.417427
24,0.853865,0.047044,0.038083,0.058478,0.048975,0.396861,0.460492,0.508755,0.392512,67.919015,60.753528,64.192609,46.832658,0.852378,0.676816,0.712953,0.839527,0,0,0,0,182.246067,19.174658,100.507514,56.38996,22272,16739,17014,37938,13313,11853,0,4615,0,3103,0,4141,0,644,4935,0,0,0,12296,4696,0.483846,0.50256,0.435087,0,0,47.217076,0.615242,154.149232,140.248429,137.515175,54614,1.525568,0,0.536892,0.694358,0,1.522801,0,0.534983,0.417792,0,1.525014,0,0.536439,0.496522,0,1.523462,0,0.536395,0.439611,0,63.900904
24,0.859275,0.046984,0.039091,0.063528,0.04433,0.463642,0.412081,0.501753,0.403944,76.506927,53.804814,60.311449,45.762816,0.886768,0.717798,0.723709,0.859436,0,0,0,0,260.986437,17.651668,76.428009,85.576808,24633,15169,16784,42648,15701,10613,0,3597,0,2779,0,4843,0,839,4889,0,0,0,12136,5415,0.493202,0.515413,0.446432,0,0,48.990651,0.620666,155.543898,141.037916,138.064049,56080,1.525561,0,0.53522,0.849012,0,1.522788,0,0.538554,0.414906,0,1.525053,0,0.537972,0.459028,0,1.523367,0,0.53734,0.475013,0,66.089762
24,0.859632,0.041599,0.057075,0.047574,0.054031,0.43591,0.440422,0.416285,0.487162,61.039913,63.255826,35.679912,59.804503,0.885284,0.748885,0.64574,0.81716,0,0,0,0,148.203169,17.811103,54.402423,101.528805,23310,15599,13917,43783,14804,10867,0,4633,0,2829,0,5116,0,1207,4064,0,0,0,10110,7088,0.495515,0.515409,0.447002,0,0,48.826219,0.631715,150.499765,137.528665,135.402769,56154,1.52557,0,0.534127,0.644264,0,1.522791,0,0.536118,0.417694,0,1.525074,0,0.533754,0.420547,0,1.523349,0,0.536056,0.480172,0,65.76787
24,0.848464,0.051873,0.062139,0.03503,0.037066,0.514041,0.522331,0.361924,0.318629,87.002121,90.719545,40.142882,29.854588,0.922876,0.640448,0.628098,0.706749,0,0,0,0,437.418988,23.551299,54.610487,71.309364,27905,18284,12262,33941,16943,12647,0,1445,0,3307,0,3591,0,1739,3584,0,0,0,8924,5883,0.473228,0.493756,0.426516,0,0,50.780129,0.552524,165.831341,151.756997,151.71879,53604,1.525625,0,0.53323,1.032575,0,1.522784,0,0.536177,0.460041,0,1.525141,0,0.535156,0.464922,0,1.523419,0,0.536096,0.487191,0,61.206453
24,0.86004,0.046929,0.049618,0.045067,0.044867,0.481142,0.39058,0.486907,0.419216,89.769316,51.251001,68.114635,49.888566,0.893012,0.734471,0.702656,0.854598,0,0,0,0,247.041328,16.215085,84.869346,127.620782,24757,14197,16261,42262,16396,9908,0,3449,0,2594,0,5175,0,854,4721,0,0,0,11724,5852,0.493493,0.512215,0.441872,0,0,49.295885,0.612523,157.680917,144.829386,139.014511,55513,1.525565,0,0.537277,0.819156,0,1.522885,0,0.535664,0.416358,0,1.524999,0,0.538006,0.492928,0,1.523404,0,0.536373,0.527092,0,66.335191
24,0.851038,0.038515,0.047161,0.04841,0.053831,0.369112,0.408519,0.462168,0.490216,50.988366,51.789763,51.521207,57.872976,0.827668,0.687247,0.695873,0.84139,0,0,0,0,91.125341,17.067489,65.097596,60.504144,20290,14520,15716,40072,12552,10173,0,6213,0,2675,0,4625,0,1000,4576,0,0,0,11396,5964,0.479303,0.504055,0.434041,0,0,45.899307,0.644896,141.287362,135.909544,131.85664,54541,1.525612,0,0.53826,0.579453,0,1.522911,0,0.538151,0.410755,0,1.525088,0,0.537261,0.439357,0,1.523321,0,0.536324,0.417796,0,61.897156
24,0.85704,0.048377,0.053504,0.047201,0.035613,0.438569,0.497443,0.467607,0.366975,72.838706,103.824466,56.410264,36.260177,0.887203,0.683379,0.692938,0.795216,0,0,0,0,205.155725,23.504359,58.471632,55.798295,25035,18124,15372,37939,14647,12699,0,3324,0,3313,0,4022,0,1087,4496,0,0,0,11187,5067,0.492091,0.504664,0.441473,0,0,49.747449,0.598287,154.026592,143.908541,137.668201,55423,1.525552,0,0.535933,0.75424,0,1.522762,0,0.534757,0.467559,0,1.525052,0,0.537696,0.436199,0,1.52348,0,0.538242,0.42152,0,65.421971
24,0.8521,0.038178,0.045297,0.056864,0.049697,0.440747,0.402377,0.453722,0.447051,69.335073,50.176128,49.847193,58.504534,0.858452,0.680508,0.657397,0.838432,0,0,0,0,156.698018,15.760308,90.183168,69.386906,23110,14377,14698,38692,15015,10076,0,3928,0,2640,0,4586,0,1016,4276,0,0,0,10622,6934,0.482071,0.499046,0.434804,0,0,47.928569,0.613665,152.056527,136.809842,138.583768,54634,1.525539,0,0.536536,0.691477,0,1.522766,0,0.534977,0.399913,0,1.525114,0,0.538353,0.436121,0,1.523456,0,0.535949,0.457688,0,62.919981
24,0.871029,0.05159,0.058286,0.053268,0.041777,0.437549,0.48678,0.509873,0.39997,67.764484,76.087447,79.899672,48.142139,0.894055,0.756101,0.742823,0.870382,0,0,0,0,176.179739,20.853981,132.136848,99.035589,25358,17869,17253,42685,14913,12534,0,3353,0,3281,0,4790,0,928,4975,0,0,0,12425,5308,0.508557,0.529297,0.457511,0,0,50.274747,0.62677,157.95915,139.623845,140.202527,57497,1.525577,0,0.531423,0.699265,0,1.522771,0,0.532493,0.422793,0,1.524988,0,0.535007,0.565858,0,1.52335,0,0.534287,0.516047,0,73.983609
24,0.860797,0.055621,0.038313,0.057457,0.041726,0.430779,0.495574,0.512656,0.342315,63.189372,77.988905,85.241753,33.511864,0.859271,0.734762,0.752061,0.838366,0,0,0,0,146.969814,24.250347,176.761731,72.087402,24367,18215,17301,41445,14215,12716,0,2811,0,3303,0,4553,0,996,5000,0,0,0,12446,4465,0.491163,0.518399,0.44674,0,0,49.607965,0.60319,157.08305,142.700006,140.807569,56143,1.525652,0,0.53826,0.651875,0,1.522754,0,0.535973,0.450573,0,1.525052,0,0.535472,0.644432,0,1.523335,0,0.532665,0.463815,0,67.436619
24,0.859458,0.044392,0.046437,0.048832,0.049858,0.423873,0.465985,0.470954,0.421787,65.08664,62.839395,69.992465,47.609666,0.871123,0.711336,0.700368,0.837423,0,0,0,0,186.779797,20.600976,105.587855,72.784077,24141,17059,15687,40296,14157,11912,0,4083,0,3121,0,4476,0,1073,4561,0,0,0,11363,5901,0.496987,0.504923,0.445066,0,0,48.487387,0.6235,159.72686,143.059471,138.438664,55932,1.52562,0,0.539268,0.726685,0,1.522792,0,0.534302,0.415659,0,1.524983,0,0.538436,0.535392,0,1.523368,0,0.536907,0.425507,0,66.057103
24,0.864103,0.055154,0.046609,0.050119,0.036997,0.465034,0.420599,0.484139,0.427359,73.97866,58.360366,64.875126,51.733534,0.901498,0.72944,0.724471,0.853275,0,0,0,0,168.995951,18.813264,99.676017,93.894099,24851,15198,16515,42252,15981,10578,0,3815,0,2758,0,4980,0,1037,4766,0,0,0,11910,5564,0.497017,0.52177,0.448745,0,0,48.785699,0.615281,150.921,145.458586,142.841208,56379,1.525568,0,0.534722,0.680925,0,1.522798,0,0.537782,0.42075,0,1.525002,0,0.538499,0.511042,0,1.523398,0,0.533845,0.500154,0,70.807575
24,0.844889,0.036614,0.052926,0.051445,0.037464,0.372272,0.514539,0.433475,0.390419,53.967584,106.368673,46.026369,37.817916,0.840104,0.670717,0.686562,0.77406,0,0,0,0,174.009053,24.311063,63.130091,58.524963,22260,18318,14584,36761,12655,12771,0,4273,0,3342,0,3868,0,1406,4239,0,0,0,10582,5347,0.480795,0.489175,0.428025,0,0,47.402335,0.604858,146.817713,145.069344,140.022096,53784,1.525634,0,0.53469,0.749747,0,1.522742,0,0.533671,0.470472,0,1.52511,0,0.535677,0.438854,0,1.523474,0,0.533806,0.436418,0,58.613269
24,0.86371,0.060961,0.041188,0.036458,0.051372,0.569504,0.367477,0.360349,0.500815,118.8563,48.483679,33.356264,58.523602,0.92364,0.797717,0.573364,0.839417,0,0,0,0,482.212013,15.027471,35.372399,176.398912,26715,12993,12262,47720,18820,9005,0,1924,0,2327,0,6056,0,1103,3588,0,0,0,8869,9330,0.496493,0.515283,0.447592,0,0,49.827702,0.605636,161.92746,145.055332,141.69825,56210,1.525573,0,0.53465,1.069052,0,1.522866,0,0.534946,0.425761,0,1.525037,0,0.535259,0.40196,0,1.523308,0,0.534968,0.589629,0,68.618806
24,0.869077,0.062386,0.03085,0.054448,0.047874,0.539182,0.448803,0.413104,0.432248,127.097676,67.897476,44.712834,48.396218,0.94433,0.786642,0.646095,0.811238,0,0,0,0,529.587655,19.972795,53.830531,159.683428,28747,16074,14044,46648,18203,11114,0,1813,0,2883,0,5451,0,1151,4103,0,0,0,10175,6847,0.5041,0.517029,0.449836,0,0,51.554048,0.600351,159.157071,146.713878,144.855629,56486,1.525554,0,0.533457,1.119283,0,1.522757,0,0.53744,0.423396,0,1.524974,0,0.532528,0.428733,0,1.523352,0,0.533227,0.562566,0,72.203358
